abad;abad,jaman
abadi;melana,kekal,awit,kekkel
abah;bak,bapak,ayah,aki,aba,apak,pak,buya
abai;tagan,open,ughus,kemana,cubo,semeghanou,pighou
abang;abang,udo,temudo,atin,pun,kakak,kiyai,daing,batin,waghaituho,daying,abang,adin,atu,suluh
abdi;bedua,kainan,pacal,hamba,beduwo,suhut
abjad;abjad,aksara,susuna,ughutan
abnormal;mekakughang,maklatap,liyu,lebih,lawang,maknoghmal
abon;abon,dagigkiang,dagingtenapa,dagingtemawai,dindingdaging
abonemen;abonomen,langganan
absah;kasi,sah,makngedokhalangan,abash,jelas,dibenoghkon
abu;hambuwa,abu,abeu
acak;acak,luncak,langkan,udek,kucou
acap;ghisok,ganding,acap,ghapot,selalu,ghisek,ghesok,molok
acar;acagh,ghujak,acagh
acara;acagha
acu;acu,tehaguk,netuwon,aghah,adok
acuh;acuh,peduli,nengon,pighou
ada;wat,ngendok,nngemik
adab;adab,cagha,tata,adat,tatou
adang;hadang,halang,tebak,tebat
adaptasi;ngegegohi,nutukcagha,nyesuaiken,ngaweghken
adas;hadas,adas
adat;adat,peghatti,paghniti,atoghan,kebiasaan,sifat,hadat
adegan;lalakuan,penampilan,
adik;adik,ading,long,dik,dekwaghisanak
adil;adil,samaghata,sama,timbang
administrasi;adminitrasi,sughat,catetan
adon;ghenyau,aduk,cappugh,adun
adpis;tawai,patuah,calacah,petuwo,cacau
adres;alamat,ghangtinggal,ghangtippik,jengan,poknuwou
adu;adu,ucul,laga,sabung,tuhuk,lago,tulang
aduh;adui,agui,agai,ai
aduk;ghenyau,gundok,aduk,cappugh,awegh,sou
afdal;afdol,helau,betik,wajagh
afiat;munyaian,sihat,waghas
agama;agama,igama,agamou
agar;nyin,mangi,kenai,supayou
agen;agen,tukang,maklar,tengkulak
agenda;ghencaka,ghencana,sugih,ghencana
agitasi;ngehasut,nyasebu,nyundut-nyundut,asut
agresi;ngejajah
agresif;agresif,timal,ngitam
agung;balak,lebih,hunjak,agung
ahad;ahad,minggu
ahli;calak,pintagh,nalom,pandai,ahli
aib;bada,kejahatan,cacat,cela,lingotan,segokan,cello,ibou
air;wai
ajaib;aneh,maklomteduh,ajaib,makkughukakal
ajak;unggugh,ughau
ajal;dis,mati,ajal,sappaiwatu
ajar;tawai,ajagh,lajagh
ajudan;pengawal,pengebus,pengighing,penokowan,upas
ajuk;gagighok,nyuba,ngehinjok
akad;janji,akad
akal;akal,pikighan,pilihteduh,utok,akel,utek,hakal
akan;haga,aga,bakal,ago,agou
akar;bakak,wakak
akekah;akikah,nyilihdaghah,minjakajakkubang,kikah
akhir;aghir,uncuk,pelayu,peghaduan,pengukukkop,pegelikan
akhirat;aghirat,alambaka,bakmijan,neghat
akhlak;tikkahlaku,sopansattun,perangai,adeplaku,piil
akibat;akibat,buahni,padah,jadini
akidah;keyakinan,akidah,kepegcayaan,iman
aklamasi;ghagem,mufakat
akor;sedong,setukuh,jema,akogh,setughulan
akordeong;ghegin,haghmonika,akoghdion
akrab;mepakat,ghedik,ghapot,ghados,andes,landek,peket
aksara;abjad,tulisan,hughup,had,soghat
aksen;lughan,has,hingga,gaya
aksi;lagak,gaya,hoding,wayah
aktif;aktif,setemon,sehuwong,tugot,keghuhah
aktuil;tuwon,cocok,pantas,keyatoan,cecul,panjak
aku;sikendua,nyak,saya,hikam,ekam,ngaku,akken
akuarium;akuaghuim
akurat;temon,benor,buwes
alam;jagat,dunia,alam,Bahlangik
alamat;jengan,poktepik,alamat
alangkah;pandong,magga,mati,kiamat,materi
alas;papah,lapik,lapis,ilat,alas,sulan
alat;pekakas,penghabut,alat
album;album
alergi;nyimbak,pattang,segik,ngingger-inger,tappangan
alphabet;abjad,ughutan,alphabet
algojo;hulubalang,algojo,ulubalang
alhasil;alhasil
alih;alih,pindah,pendah
alim;malim
aling;lalat,lalidung,aling,hentagha,baling,wates
alir;hili,ilu,aligh,ili
alis;kakening,bulukening,alis
almanak;tanggalan,almenak
almarhum;pijjo,aghwah,almaghhum,mendiang,ghuh
almari;lemaghi,geghobok,pengukkosan
alot;layok,ngelot,layek
alpa;makghatong,lupo,alpa,
alquran;alquran,kuran,koghokan
alu;hellu,leu,lu
alumni;anjak,tamatan,luwahan,kas
alur;pang,haguk,luk,liku,alugh,lelui
amal;guwai,keghja,amal,tingkah
aman;aman,ngehaman,makghituk,makmeghabai
amanat;lehot,umanat
amarah;ngamuk,ngelimak,suya,butong,meghka,maghah,suyou
amat;pandong,kiamat,kangak,mati,temen
ambal;ambal,peghmadanei
ambang;pangkal,mula,ambang,papang
ambelas;bela,lebon,kaghom,teghelam,tebeghut
ambil;akuk,udok,cattik,pusun
ambisi;teghok,peghetok,haga,ago,mighak
ambruk;ghubuk,ghukkak,suwak,beghek
amfibi;bumighua,ngangkang,nynawongetipo
amil;panitia,amil,petugas,tukangson
amis;heni,huwong,hanney,weng
ampas;gagik,sepah,humpas,
ampat;pak
ampelas;hampelas,ampelas,pelas
amplop;hampelop,amplup,ampelop
ampun;bisa,ampuh,bosi,tahan,kukuh
anak;petuahan,anak,buay,keteguhan
ancam;ngegahghabai,ngaccam,accam
ancang;patok,tanda,kiro,ancang
ancer;kakigha,sakighani,teduh,attan
anda;niku,paseghuppok,puskam,metei,pusikam,kuttighuppok
andai;missal,sekigha,umpama,umpamo,andai,sekighou
andal;asa,andel,asou
andil;taghuh,modal,iugh,sussui,andil
anduk;basohan,telesan,anduk,handuk
aneh;nyali,nyumang,anih
aneka;bumacom,nayah,macam,macem-macem
anekdot;ghukan,wewaghah,lucew,ceghitoulucu
anggap;penyana,sakko,anggep
anggar;ngelaca,anggagh,angga
anggota;anggota,tesok,bagian,keghabat
angguk;cunggok,cunggot,cunggguk,cengget
anggun;anggun,sikop,aghing
angin;angin,hawa,angen,badai
angka;akka,akko,akkou
angkara;jahat,maghah,suyo
angkasa;awing-awang,langik,awan
angkat;iwak,injak,akkat
angker;segik,siyak,seregit
angkuh;nuha,ngasei,abut,balakpangghasa,akeh
angkut;usung,atat,alih,akkut
angsur;cacutikan,cicil,angsugh
aniaya;kaniyaya,sikso,kaniayou,peghjakou
anjur;ngayin,kisung,kayun
antar;antak,antagha,attak
antara;hentagha,hahelok,lelok,apik,pemisah
antek;bedua,kayinan,miyanak,keghip
anteng;manan,mepagoh,menong,penghaman,kalem,saghih
anti;nyuwoh,makgeghing,maksuka,maksetuju
antik;tuha,tumbai,helau,mahal,jamuka,jebbei,henggukan,tuho
antipati;mati,nyuwoh,maksetuju,makseneng,lassungnyuwong
antre;pulimban,begeligh,nunggugeleghan,antegei
anugerah;penghagoh,pengeni,pengejuk,nejuk,beghkat
anus;bumbong,jubugh,hahang,ketuk,suyut,tumbung
anut;nutuk,tutuk,sepaham
anyam;anyam,susun
anyir;heni,huwong,weng
apa;api,ghappa,nyo,nyou
apabila;ki,kittu,kittubang,among,lamen,kantunihan
apal;hapal,ngapal,apal
apatis;makpeduli,makngepenyelok,basingno
apes;mesisil,malang,sial,makmeghawan
api;apui
apit;hahelok,hapik,apik,gapik,gapit
apkir;kughah,maktepakai,apkigh
aplus;pulimbang,begantian,gattei
arah;haguk,adek,tujuk,adep
aral;halangan,sakkutan,sawat
arang;haghong,saleng
arena;gelanggang,pok
argument;ngeba,alasan
arit;sabit,landai,aghit,gubit
arloji;jam,agluji,jamtangan
armada;memayak,kapal,peghahulawet
aroma;meghum,ambau,seghibot
arsip;catitan,agship
arti;ghatti,ghetti,makna
arus;menghili,aghus,alighan
arwah;ghuh,agwah
asah;asah,haghing,tebagh,kekeling
asal;asal,mulan,anjak
asam;peghos,asem,isom,isem
asap;hasok,asek,asok
asbak;asbak,pakaiabughukuk,papahkelattung
asik;nemon,hunon,asik
asin;asin,masin
asing;sumang,beghih,bakah,maktinonh
asli;asli,telon,tulen
asmara;kageghing,asmagha,sakehagaan
babat;hughing,ngegawang,netakkusi
babi;babui
babil;bengol,kerashulu
babon;kelabi,ina,induk
babu;beduwa,jongos,,beduwo
baca;baca,baco,bacaou
bacin;henil,henni
bacok;cicak,pippuk,pepuk
badai;angin,anginpuyuh,tupan
badak;badak
badal;nyimbang,ngewakili,badal
badan;badan,jasat,tubuh
badik;badaik
bagan;bagan
bagasi;ghaghumpak,bagasi,keghalan
bagi;bagei,bagi
bagaimana;ghappa,gohpa,ghohipa,apicagha,nyocagha,nyoucaghou
bagus;helau,betik,ngagak,lagak,wawai,sikep,hallau
bahagia;senang,bangikhati,seneng
bahaya;bala,ancaman,bahayo,bahayou,bala,bahalou
bahan;bakal,sagahana,penghabut,bahan
bahas;bahas,bilai,usogh,kancah
bahasa;cawa,kicik,bahaso,bahasou
bahkan;mahalan,mustini,penano,ghena,penanou,
bahtera;peghahu,jukung,kapal,kekughikan,likulughik
bahu;layang,pimping,pupping
baik;helau,betik,wawai,sikep
baja;waja.wajo,wajao
bajak;bajak,beluku,luku
bajau;bajau,peghappuk,bajau
baji;sulak,baji
bajing;tupai,buwet,topai
baju;baju,kawai,kemija
bakal;bahan,lilahan,calun,bakal
bakar;suwah,sundut,puppul,pepul
bakat;bakat,ilis,watak,idi
bakau;bakau
baghil;siyut,pisit,kedekut,budo,cupel,kumet
bakiak;bakiak,teghuppah,gappagh
bakteri;kuman,bakteghi
bakti;ngebalosbudi,balosjasa,bakti,kepatuhan
baku;pokok,dasar
bakul;sumbuk,bakul,ceghuban,nyawan,tengkulak,jawan,kendau
balai;sesat,pusiban,balai,pokbeghunding,poksindang
balang;balang
balap;sehahenna,sawalan,tandingpawot,alau,belembagh,bedak,beghaben
balas;balos,bales
balig;baligh,temeghanjak,balegh
balik;balik,bulet,lindung
balok;pesegian,baluk,balok
balon;sedupan,ketebung,balon,kelembung
balong;bumbun,kulam,ham,tebat
balut;ikok,bubbut,bebut
bambu;peghing,awi,buluh,peghing
ban;ban,ruda
banci;blandingan
bandar;pelabuhan,dermaga
bandel;bengol,kerashulu,bengel
banding;bidako,gegohko,banding
bandit;juagha,beghattih,bandit,lacugh,nagghus
bandot;ghanduk,kaghai,landuk
bandul;babatu,bandul,tembangan
bangau;beghekik,bangau,bangou,putiktejanggalah
bangga;senanghati,unjakatei,banggou
bangkai;bakkai,mayat,bebatang
bangkerut;ghubuh,ghugi,bangkeghut,tekayak
bangkit;minjak,gughah,menjak
bangku;babakku,bakkeu
bangsa;jamma,bangsa,bassou
bangsal;los,teghatak,panggung
bangsat;tumalawot,gihei,pinding
bangsawan;punyimbang,sebatin,paksi,tuhoghajo,jelmabatin
bangun;minjak,temegi,beghuka
banjir;baghak,banjegh,waibalak,ghawang
bantah;bakkil,battah,pusimbatcawa
bantai;battai
bantal;battai
banteng;banteng
banteras;beghantas,pebela,tegah
banting;happas,panttos,uppas,
bantu;tulung,batteu
banyak;nanyah,lamon,ghamik
bapak;apak,uluntuha
baragajul;ngehala-ngehala,nakal,makkeghuan,lacugh,lalus
barak;teghatak,bedeng
barang;baghang
barangkali;teduh,kittu
barat;baghat
baring;tughai
baris;baghis
baru;appai,bagheu
basah;basoh,gibuk,muyus,baseh
basi;bayew,bayu
bata;bata,bato,batou
batal;ughung,maktelaju,makjadi,maktubas,batal
batang;batang
batas;hattak,watos,langan,bates
baterai;bateghe,sentegh,belogh
bathin;hati,kalbu,battin,peghasaan,angon,mayo
batik;batik
batok;undom,sugheu,undem
batu;batu,bateu
batuk;meheyok,mehegol,hanyyek
bau;sakeghup,baut
bawa;usung,batok,bo,bou
bawah;bah,ghenoh,doh
bawang;bawang
bawel;ghiwil,ceriwit,ghomeng
bayam;hayum,bayem
bayang;halinu,lineu,bayang
bayar;bayagh
bayi;upi,upei,sanakupi
bayonet;bayonet,biyunet
bea;biyo,bia,biyou
beban;baban,usungan,neban
bebas;tekas,lepas,bibas,sehagani
beberapa;pigha-pigha,pighou-pighou,papigha,pighoyo
becak;bicak,becak
beda;sumang,bida,makgegoh,bido,bidou
bedak;bedak,pupgh
bedebah;setuwa,laknat,kuranajagh,akeh,ngeghahat
bedil;bedil,senampang
beduk;geduk
begini;ghajjo,gohji,penajo,gehhijo,gheji,penajou
begitu;ghanno,gohna,ghonina,gehhinnei,ghena,penanou
bejana;bejana,cumbung,pan
bejat;cughing,cadang,lacugh,lalus,beja
bekal;sangu,buntot,sangeu
bekas;kas,umbanan,piktinggal
beku;bekeu,beku
bekuk;ghikkus,okok,tinjuk,ghekos
bel;bel,lonceng
bela;tulung,bila
belancan;dilan,teghasi,caluk
belacu;belacu,belaceu
beladau;beladau
belah;pecoh,belah
belai;ghusap,pusau
belajar;belajagh,tetawai,begughu
belaka;begawoh,cumo,makbaghih
belakang;tundun,hemughi,kudan,juyu,bughi
belalai;belalai,gumbo,gembou
belalak;tejolot,tehajjeng,beghaddeng
belalang;balang
belanda;belanda,belandou
belanga;belanga,belangou,jambangan
belanja;ngebeli,babelian,belanjo,belanja,belanjou
belantara;pullan,ghimban,las,penyawang
belas;tamat,sayang,tamat,atei,belas
belasungkawa;tughuksedih,tesoksedih,musisedih
belati;lading,sekin,belati,besi,garpu
belatung;hughol,wegh
belayar;belayagh,belayau
belenggu;tebelingkung,tekungkung,pasung,bendu
beli;beli,belie
belia;ngugha,meghanai,mudou
beliau;tianghumpok,tianghuppek,beliau
belibis;itikpulan,belibis,beghibis
belida;belinda,belindo,belindou
belikat;selakka,belikat,selakkou
belimbing;belimbing
beling;beling,pecohan
belit;lilik,belik
beliung;beliung,kapak
belok;baluk,nyimpang,mutogh,pinggegh
beludru;beleghu,bulughu
belukar;pulanngugha,guyun,endun
belulang;kukah,balung
belum;makkung,lak-kungmlakwat
benah;beghikkos,susun,benah
benak;pikighan,utek,ati
benalu;kayutuppang,hemalu
benam;beghok,pandom,ghandam,ghendem,bebbes
benang;benang,sapuk
benar;benor,temon,tuwon
benatu;benatu,gosokan,setrikaan
bencana;bala,bahaya,behallo,bahlou
benci;nyuwoh,beci,beji
benda;baghang,bendo,bandou
bendahara;bendaghagha
bendera;bendegha
bengal;bengol,keghashulu,bandel
bangek;hiyokuba,mengek,hayyekghugit,nget
bengis;sengok,beghagasan,beghangnges
bengkak;bayoh,bayeh,nguppap
bengkok;bikkuk,bukkuk,tangan
bengong;cengogh,nungagh,cengegheg,melongoh,tebelengoh
benih;mullan,molan,bibit,beneh
bening;ghilau,ighang
benjol;battagh,buccul,becul,beccul
bensin;bensin,binsin
bensol;bensol,miyakgas
bentak;hegop,hajjak,haggep
bentang;kecat,bejat,kibaghbetang
benteng;benteng,binting
bentrok;ghusuh,ghituk,selisih
bentuk;battuk,ghupa,guwai,betuk
berahi;teghok,beghahi,napseu
berak;missing,ngising,butoktokan
beranak;nganak,ngelahegh
beranda;beghanda,gaghang,seghambei
berandal;juagha,ngelacugh,lalus
berang;maghah,mesikeng,meghikeng
berangkat;lapah,beghakkat
berani;kawawa,ngattan,bani
beranjak;minjak,begisagh,kisigh
berantakan;tabui,citagh,tekeghap,tabahmiyak
berantam;ghigu,laga,pisulogo
berantas;tegah,lebonko,beghattas
berapa;pigha,pigho,pighou
beras;biyas
berat;biyak,mesedogh
bercak;bughik,belcak,bittul,cemal
berendeng;banjagh,jijigh,bedamping,teghagheg
beres;selesai,bela,ghdeu,aspen
berewok;kajabib,bawok,janggep
berhala;patung
berhenti;taghu,beghadu,bandok
beri;keni,jujjuk,kenei,juk,pujui
beriak;ngumbak,ngumbaklawok
berisik;ghuccah,ghibut,letok
berita;kabagh,beghito,beghitou
beritahu;kenipandai,jukpandai,pandaiko
berkat;beghkat
berlian;itton,beghlian
berniaga;busaha,bedagang
berontak;ngelawan,beghontak
bersih;beghassi,dawa,dawak
beruang;gemul,gemol
beruk;beghuk,menatat
beruntung;mujugh,ghawan
besan;sabai
besar;balak,mesehel
besi;besi,besei
beskuit;ghutei,juadah
besok;jemoh,jimmoh
besuk;nyilau,nyubuk,ninuk
betah;ketahan,keghasan,teddos,teddes
betina;bai,bebai,sebai
betis;bintogh,bittegh,betteu
betton;beton,semen
betul;benogh,temon
biadab;kughangajagh,makbeadat
biang;bibit,mulan,asal,pumakkal
biar;tagan,pejah,kenai,kayak
biasa;biasa,biaso,jamak,biasou
biawak;alu,aleu,bejawak
biaya;dau,ukkus,biya,biyou,biaya
bibi;minan,keminan,adou
bibir;bibbigh,pepik
bibit;biang,mulan,benih,kelabai
bidadari;bidadakhi,bidoudaghi
bidal;kiasantawai,saghungculak
bidan;bidan,dukunnganak
bidik;tinuk,tuwon,tuju,timah
biduk;biduk,jukung,peghasu,sappan
biji;biji,bijie
bikin;nyani,guwai
bilah;sasagh,bilah,cucuk
bilal;bilal,tukangbang,maghbut
bilamana;lamen,amen,kalau,kittu
bilas;keccil,bedawak,peghas,gighas
bilik;bilik,lebing,kamagh,pedoman
bimbang;ghagu,nyegheduwo,ghidu
bombing;tawit,tuttun,bimbing
bina;tawai,bembing,dengon,
binal;bengol,peghidang,tiagh
binasa;cadang,binasa,binasou
binatang;hiwan,setuwa,binatang
binatu;seteghika,gosok
bindeng;mehuyong,keseng
bingkai;bikkai,singkagh,bekkai
bingung;bingung,bengong
bini;inggom,kehajjong,bei,sei-nuwou,tian,dilamban
bintang;bittang,betang
bintik;bintik,belecak,ghuccek
bintit;bintil,butegh,bittit,kedisan
biru;bighu,bigheu
bis;bis,bes
bisa;dacok,dapok
bisik;siyep,sasiyep
bising;mingogh,ghituk,ngeghassing,memong
bisnis;usaha,dagang,bisnis
bisu;uba,bisu,obou
bisul;mesunuk,busumek,besonok
bius;ghacun,bius,tuba
bobok;pedomko,pedem,bubuk
bocor;tukak,bucur,bucu
bodoh;bugu,gunjogh,budu,lugugh
bohong;buhung,budik,maksetemen
boikot;sassing,bikot,bekot
bola;bal
boleh;mingan,dacok,dapok
bolong;tukak,tebuk,chawong,lubang
bolos;makizin,lepas,bolos
bon;utang,bon,nginjam
boneka;kakanak,anak,anakan,anakcinaou
bonggol;tuhot,gabal,bungkah,tuhed,pughung,cakki
bongkar;bukkagh,bundak,bekagh
bongkok;bukkuk,sungguk
bonus;peghassin,pengejuk,peghesen
bonyok;lutak,bubbui,lulugh
bopeng;bopeng,capuk,kaghut
bor;bogh,bugh
border;sulammesin,boghdigh
borgol;sukun,boghgol
borok;keghidas,kacau,awigh
boros;labah,ghuyal
bosan;lejju,geloh,lejeu,busen
botak;sulah,gundul
botol;gudu
brantas;pebela,basmi,beghattas
buah;buah
buai;ghaghinok,papedom,buai,ayun
bual;buhung,balakumung,gambung,memakkak-an
buang;tok,umban,emban
buas;buas
buat;nyani,guwai
buaya;buhambuho
bubar;tabogh,gubagh,tabui,guyak
budak;bedua,beduwo,budak
budaya;kebiasaan,budayo
budi;bui,suaka,aghlak,budei,peghangi,piil
bufet;bupet,bopet
bugil;gagelok,bitung,lonyong
bui;jil,bui,kughungan
buih;bughoh,bugheh,buih,boghoh
bujang;meghanai,meghanai
bujuk;gagunik,bujuk,ghayeu,ghinak
buka;bukak,bokak
bukan;lain,sumang,layon
bukit;bukit
buku;kitab,buku
bulan;kenawat,bulan
bulat;buntogh,bulat,bundegh
bulu;bulu,buleu
buluh;buluh,peghing
bumbu;hahumbu,babugha,mumbbu,bebughou,bumbbou
bumi;bumi,tanaoh,bumie,dunia
buncis;ghattak,buncis
buncit;buncit,gendut
bunda;mak,ina,induk,ibuk,indui,bunda,umi
bundar;buttogh
bunga;kumbang
bungkam;ugom,makcawa,sighep
bungkuk;bukkuk,cuemenguk
bungkus;sipok,bungkus,lulup
bungsu;saingungaha,bungsu,buntut
butiang;watsaibetik,watdilom,ngadung,meetteng
buntu;kobot,kapuk,buttu
bunting;putuk,kuntung
bunuh;patiko,patei,bunuhpatiken
bunyi;bunyi,gehasa,bangho,bunyei
buru;bedak,alau,bunheu
buruh;gegahi,upahan,kiulikulei
buruk;jahal,bunhak,jahatgabggeu
burung;memanuk,putik,bughung
busa;bughoh,busabunheh
busana;pakaian,penghabut
busuk;busuk,bunyuk,hambawan
buta;buta,buto,botou
butir;biji,butigh,bejei
butuh;peghallu,peghleu
cabai;cabi
cabang;pampang,cabang,peppang
cabik;saghak,caghik,cabik
cabul;cawaghuta,cabul,gegotoh
cabut;ambuk,cabuk,cabut
cacar;cacagh,atum
cacat;cela,kekughangan,cindok,cacat
catur;catugh
cawan;cangkegh,cumbung
cebol;budol,cidal,ketat,ipel,petot
cebok;ngisang,kecah
cebur;cambugh
cecak;kicak
cecer;tabui,cighat-caghit,kacigh
cendera;benasa,pepika,cacat,bepikou
cegah;tulak,halangi,tegah,cegah
cekatan;takkas,ghikas,geluk,gresit,pettegh,nalem,catak
cekcok;ghigu,bantah,piseu,selisih
cela;bada,cela,celou,jahal
celah;celah,lelok
celak;cilak,celak
celaka;celaka,bahaya,binaso,celakou,massou,hal,massoubalak
celana;ceclana,celanou
celetoh;ghaghibok,ngahyung,kecawok-an
celup;celup,ngughukko,cebuk,celup
cemar;kamak,curing,cacat
cemara;pulos,cemagha
cemas;gagetogh,gelisah,ghabai,ghugui,kuatigh
cembung;ghundung,mukung
cemburu;sasegha,neduh,ighi,haati,pegagho,cebughu
cemerlang;teghang,jayo,kemilou,nyegilak,menghilap,nyinang
cemeti;pemukul,cambuk
cemooh;angon,unyah,ngehina,kambo
cempaka;cempaka,cepako,cepakou
cempedak;akakan,akan-akan,kakan
cemplung;cabbus,cughus,cappak
cendana;cenana,cedano,cendana
cendawa;kulak,kulat,kolat
cendekia;pittogh,nalom
cederung;ngegegohi,nyeghupa,cundung,cendung,mighip
cendol;cindol,cendol
cengang;cengong
cengeng;penghiwang,pingol,segik,timai,cinging
centeng;penjaga,centeng
centong;caghuk,cittung,cetung
cepat;geluk,ghikas,hallau,cetung
ceper;ghata,cepegh,payak
cerah;wewah,teghang,bunyau
cerai;liwak,pulipang,pengsiang,ceghai
ceramah;besugha,pedato,ceghamah,tablegh
cerca;ngehaya,upek,cambou,celou
cerdas;pintogh,nalom,ceghdas
cerdik;licik,kaccil
cerek;cegghek,cighik,tiku
cerewet;ghiwil,ceghewet,nyeghicic
cerita;waghahan,ceghita,ghuhan,ceghitop,wewaghah
cermai;cereme,cermei,ceghammen
cermat;nyejagh,teliti,asat,pasat
cermin;kaca,ceghemin,kacou
cerna;paham,saghing,ceghana
ceroboh;saebaghana,gghambau,gegabah,semeghanau,anjaeu
cerutu;segutu,seghuteu
cetak;citak
cetek;mekakkah,jejjek,jejok
cibir;ngemit,cemit,cemmet
cecer;gaigh,tegayigh
cicit;tuyuk,sibik,tuyut
cilaka;battas,celaka,puput,celakou
cina;cina,cinou
cincang;caccap,mampuk,ciccang
cincau;cincau
cincin;ali-ali,alei
cincong;kicik,umungan,pebalahan,litek,kecwaan,lattih
cinta;geghing,demon,suka,ilingcettou,bugguh
cipta;nyani,ngeguai,cipta
ciri;tanda,tandou,cighi
cita;peghasaan,ago,cita,itou
cium;hambau,sekekki,sium,sekkei
ciut;lunik,kemeghet,kemeghet
coba;abai,cuboi,cuba,cobou
cocok;akogh,setuju,cucuk,pas
colek;jubil,cilak,culik,tuwil
colok;cucuk
comot;cattik,cakkem,cakkuk
congkak;nuha,ngasei,neduh,akeh,abut
congkel;cukkil,uppil,cekil
conteng;coughing,cughit
contoh;tabaian,cetteu,cettu
copet;maling,cupit,copet
corak;ghupa,upo,wagho,cughak
coreng;coughing,,cogheng
coret;cughit
corong;coghong,kebul,cuughung
cotok;paguk,cecak
cuaca;cuaca
cubit;pitot,pitit,sibik,cubik,kubit
cuci;basuh,kecah,puppoh,kiyau,beghassih
cucu;umpu,appeu,uppu,tamen,tamong
cucuk;sussuk,cudok,cucuk,cubek
cuil;cuil,cutik
cuka;cuka,cukou
cukai;biaya,cukai,biyo
cukup;sedong,cukup,pas,makkughang
cukur;gunting,cukogh,getting
cula;cula,culo,colou
culas;haghas,ighi,ghiwet
cuma;ikah,kidah,cumo,aden
cumbu;gagunik,ghayu,cumbeu,gallou
cundang;pangkuh,cendang
cuping;kuping
curah;tukkop,cughah,tuang,tiling
curam;tingil,tegak,picek,cughem
curang;tipu,muslihat,patgelipat
curi;maling
curiga;sakko,ceghiga,neduh-teduh
cuti;pegheui,peghlup,cuti
dacing;tingbangan,dacin,dacing
dada;dada,dadou
dadak;mupadok,ngedadak,tibo-tibo,meghagang
dadap;ghaddak,keceghik,gedak
dadar;dadagh
dadu;dadu,dadeu
daftar;catitah,daptagh
dagang;jualbeli,daganng
daging;daging
dagu;dagu,dageu
dahaga;mahu,mahheu,awes
dahak;haghak,hegol,latteh,lattoh
dahan;pappang,dahan,heghong
dahi;pudak,jidad,kedok,kedak
dahsyat;kuat,dahsyat
dahulu;tumbai,sekajjo,saighadu,mena,ho,menou
daki;lalik,nanjak
dakwah;tuntut,ghekkes
dalam;dilom,ghelem
dalang;dalang,kedaukain
dalih;dasagh,alasan,dalih,tanggilan
dalil;keteghangan,dalil
damai;damai,tenteghambeghunding
damar;damagh,damau
damba;haghap,peghetok,aneh
dampak;padah,akibat,layu,nas,pengecuk
dampar;tehumpas,dappagh,sappet,sappot
damping;hapik,ghedik,jamo
danau;ghanau,paya,danau
dandan;danai,helauko,beghikot,dandan,hunding
dandang;dandang,kukusan
dangau;sapu,kubu,anjung
dangkal;kekah,jejek,jejok
dansa;naghi,dansa,joget
dapat;dacok,dapok,massa,massou
dapur;dapugh,sekelak
dara;mulli,mulei
darah;sendawa,ghah
darat;daghat,talang
dari;anjak,jak
darimana;jakipa,jakkedou
darma;kewajiban,deghmo,ngejuk
darurat;tepaksa,sepenem,daghughat
dasar;dasagh,dibah,lapik,
dasi;dasi
datang;ghatong,megeu,tigoh,tembuk,maghouo
datar;ghatta,daato,dantagh,ghattou
datuk;tamong,atuk,bakas,datuk
daulat;ngangkat,appun,daulat
daun;bulung
daya;upaya,usaha,kekuatan,tenago,jiwou
dayang;pengipas,gundik,dayang,lembang
dayung;kayung,pengayoh,dayung
debar;degup,debagh,dagdug
debat;bantah,battah,debat
debu;ghaghebuk,hambau,abeu,abu
dedak;huwok,wek,wok
definisi;ketentuan,ketatuan,defenisi
dekap;dakok,dakap,dakep
dekat;ghedik,ghandos,paghek
delapan;walu,waleu
delegasi;utusan,kayinan
delima;delima
deliman;sado,sadeu,delman
demam;mehandok,gelogosan,maghing,meghuyuh
dempet;duppit,selepa,ghapit
dempul;dempul,pulitan,depppul
denda;dendo,dandao
dendam;sakikhati,dendem,teddes
dendeng;debdeng,dending
dengan;jama,jamo,ghik,jamao
dengar;nengis,dengei,tengis,tiyen
dengki;maksenang,ighidekei,bejei,ghil
dengkur;manggogh,puwu,puwegh
dengung;dengung,dengong
denyut;denyut,kettop,denyet
depa;kepa,depa
depak;tepuk,sipak,kuwis
depan;hena,depan,muka
dera;babbas,gebuk,pecut
derajat;tingkat,kejengan,deghajat
deras;haghus,deghas,hayasgeluk
deret;jajagh,jajai,jijigh,deret,baghis
derita;kesusahan,sagho,deghita,sesset
derma;sedekah,pengejuk,bakti,deghma
desa;pekon,tiyuh,anek
desak;peghallu,desak
detik;detik
dewa;diwa,diwou
dewasa;mubalak,puka,dewasa
di;di
dia;ia,beliau,yo,diyo,you,tiangghuppok
dialek;lughat,has
diam;ngehaman,menong,ngehamma,hanning,hummou,menneng
didih;ghunggak,gettek
didik;tawai,ajagh,didik
dik;dik
dikir;dikigh
dikit;cutik
diktat;catitan,cateta,diktat
dikte;cacak,bacakon,dikti
dilema;angon-angon,ghidu,peghsoalan
dimana;dipa,dikedou
dinding;sassai,kekket
dingin;nginson,ngisen
dini;awal,mula,mualo
dipan;ghanjang,bakkeu,anben,katil
diri;badan,pesai,dighi
diskusi;hippun,mupakat,cecingga,musagwaghah,diskusi
doa;dua,bekuli,buhaghap
dodol;juadah,dudul
dokar;sado,sadeu,dukagh
dokter;duktegh,doktogh
domisili;lekok,tinggal,pekteppik,jenganan
dompet;selepa,duppit,depit
dorong;jujun,hindil,sughung
dosa;dusa,duso,dusou
dua;ghgua,wo,wou
dubur;jubugh,ketuk,suyut
duda;balu,baleu
duduk;mejong,busila,mejjeng
duel;laga,lago,lagou
duga;teduh,kighou
duit;duit,dau
duka;susah,sedih,ghukuw,resak,ghobokati
duku;duku,ghukey,lassak
dukun;dedukun,dukun
dulu;tumbai,ho,hou
dungu;gunjugh,lugugh
dunia;dunia,denio
duren;deghian,deghiyan
durhaka;dughaka,deghakou,peghajakou
duri;ghui,wei,ghuwi
dusta;buhung,bebudie
dusun;tiyuh,anek,pekon
edar;idogh,sebagh,idegh
afek;tujuan,akibat,lajuan
ejah;ejah
ejek;ngejaji,unyak,jei,kambou
ekor;gundang
elak;gilik,lepas,takkis,tepis,ilak
elang;kenui,kenoy
elok;sikop,wawai,hallau
elus;pussau
emas;emas,mas
embacang;limus,asam,kembang,isem,lekkou
embah;appeu,nyaik,bei
ember;embegh
embun;imbun,embun
embus;sebbu,haggo
empang;bumbung,kulem
empas;hampas,batting,uppas,pattes
empat;pak
empedu;kemahik,hampedu
empuk;lemoh,ngeyoh,luppui
enak;bangik,sedop,sihat
enam;enam,ennem,nem
enau;hanau
encer;ghilau,encegh
endap;teghenoh,teghegoh,endep,isu
engggan;mesughok,sukkan,makkewawou
engkau;niku,pusekam,nikeu,metti
engsel;inggi,engswl,sel
entah;induh,iduh
enteng;hampang,appang
enyah;lijung,tandak,lapah,tegagh
eram;mehughom,megham,ngeghem
erat;gindok,ghedok,yiyok,pekket
esok;jemoh
faedah;guna,hasil,guno,paidah
faham;paham,ngeghti,pahhem
fajar;pajagh
falak;palak
family;puaghi,minakmuaghi,sekelik,sanakfameli
faseh;paseh,pas
fihak;pihak
fi'il;piil,peseggighi
firasat;ghasa,semokhati,peghasat
firman;pighman
fitnah;pitnah
gabah;gabah,paghie,ghannai,paghi
gabuk;hapa,apou,gabeng
gabung;campugh,kuppul,gabung,saiko
gada;gundung,gado,gendul,gudam
gadai;gadai
gading;gading
gadis;mulli,mulei,sanakbai
gaduh;ghuhccak,ghibut,tegogh,ghayyuh,letok
gagah;kuat,gagah
gagak;kakkah,sngghak,gagak
gagal;ughung,makbehasil,maktegah,gagal
gagang;gagang,penyaccanan,lengoman,gelanan
gagap;gagap,ikuk,ngedengap,dengap
gagu;uba,obou
gaib;gaib
gairah;napsu,tadaiagou,peghetok
gait;koyok,taghek
gajah;liman,gajah
gaji;upah,gaji
galah;penuyu,penduyu,kighau
galak;pengamuk,beghangnges,pemagha
galang;lang,galang
gali;kalei,kali
gambar;gambagh
gambir;gampigh,gambegh
gampang;mudah,gappang,tunai
gampar;mudah,gappang,tunai
gampar;tipagh,tampagh,tabuk
ganas;buas,ganas
gancang;geluk,ghikas,ghaccang,hallou
gandeng;geghitak,gandeng
ganggu;ganggeu,gallou
ganjal;ganjal
ganjar;upah,pembalos,ganjagh
ganjel;ganjel
ganjil;ganjil,nyalei
gantang;gantang
ganti;ganti,gattei,gatti
gantung;gattung
gapura;lawangkughi,tugu,gapugho
garam;uyah,oyah,sia
gardu;gagdhu
garis;gaghis
garpu;gagphu
garuda;geghuda,geghodou
garut;kukkui,kekui
gasing;ukkah,gasing
gatal;gatol,gatel
gayung;timbuk,gayung,tembou
gedor;tegogh,gendugh
gedung;nuwo,gedong
geger;tegogh
gejala;tanda,taado,tandou
geladak;geladak
gelagat;gelagat,upono
gelak;lalang,ngelahai,mahho,mohou
gelang;gelang,kalai
gelanggang;lapangan,gelanggan
gelap;kelom,manem,manom
gelar;jampagh,adok,adeg
gelas;tembela,gelas
geledah;sakagh,geledah,akagh
geledek;guttugh,gulugh
gelegak;ghunggak,getek,gettok
gelembung;nyedup,ngetebung,gelembung
geleng;digog,digeg,degok
geli;geli,gelei
geliat;meliyot,meghanyat
gelincir;tehanjal,tekusagh,geliccigh,pelisit
gelisah;maktenong,gelisah
gelombong;humbak,gelumbang
gema;bunyi,bagho,semau,gahasa
gemar;geghing,demon,iling,buguh,sokou
gemas;nyuwah,geghegeten
gembala;ngulamko,isik,ngelucuk
gembira;riang,senanghati,sukoati
gembok;kuccikelabai,gembok
gembung;bukkang,ngembung
gembur;gemuk,luppugh,lembuk
gemetar;gugohan,gemetegh
gempa;kukuk,lindu,linui
gempar;tegoghg,gigegh,tegeu
gempur;ngehancoghkon,mecahkan,hattem,tepu
gemuk;gemuk,gemeghot,gendut
genang;kandok,keghelok,ghawang,genang
genap;cukup,genep,jakkep
gendang;gindang,gendang
gendong;babai,dappan
gendut;balakbetong,gemuk,gendut
genggam;bekom,bekkem
gengsi;piil,pesengighi,gegsi
genit;gatol,tundau,genyeh
gentar;ghababi,gettegh,sunnaggh
gepeng;lipit,pepih,gepeng
gerah;mahhup,pusang,panas
geraham;semalahom,tigah,bellan
gerak;gemighok,kelik,kemelik,gilak,pinah,ginjung
geram;balakhati,ngeghitep,gendes
gergaji;semar,geghaji
gerhana;tekabah,geghhana,kenawat
gerobak;geghubak
gersang;panas,gegshang
gertak;ghaghabai,geghatak,heggop,aggep
gerutu;ngibel-ibel
geser;kisit,pindah,gisigh
gesit;lincah,gesit,takkas
getah;gitoh,giteh
getas;ghapuh,ghapuh
giat;senemon,ghajin,nadai
gigi;ipon,kedis
gigih;setemon,nakkel,nadaitemmen
gigit;keghoh,gigik,kegheh
gila;lawang,lulwangan,idan
giling;giling,lindos
gilir;gilegh,gattian
giring;gighing,buyu
goda;guda,gudo,gughau
golek;golek
golok;sasak,candung,golok
goncang;kuccang,gecang
gondok;behuk
goreng;gughing,sallai,kaghih
gosok;gedap,asah,gusuk,gosok
gossip;ngayung,beghito,negguken
gotong;pikul,tunggang,ghijing
goyah;ginjung,beghubah,gisay
goyang;ginjung,kicuh,guyah,iguk
gua;guho,guha,gohou
gubuk;sapppu,kubu,kebbeu,anjung,gubuk
guci;ghumbih,geccung,guci,gentong
gudang;gudang
gugup;hahengok,gugup
gugur;tiyak,gegak,gugugh
gula;gula,gulou
gulai;gulai
gulat;gulet
guling;guling,gelinding
gulung;gulung
gumpal;kuppol,nguppal,Keppel
guna;akkuh,guna,guwai,guno
guncang;kuccang,kicuk,guccak,gittoghg,kapok
gundik;gundik
gundul;gundul,sulah,butak,silih
gunjing;ngupok,ngahejing,upek
gunting;gutting
gunung;ggunung,tangkit
gurau;gughau,mamai,kelakagh,ghuyah
guru;gughu,gugheu
guruh;guttugh,gughuh,gulugh,gulu
gusar;kuatigh,ganung,gisai,
gusi;gigi,gusi,pesian
Habis;bela,gelik,lekkin,lanes
Hadang;sapak,tebak,adang
Hadap;hadap,tungai,adep
Hadiah;pengeni,hadiah,pengejuk,nejuk
hadir;ghatong,ngedok,megeu,wat,hadir
hafal;hapal,ingok,apal
hal;keadaan,hal
hai;hai,ui
haid;kutoghan,nemui,mego,aban,ghattongbulan
hajat;teghok,peghetok,niat,haga,ago,hajat
haji;haji,ajei,cakak,mekah
hak;kedau,hak
hakekat;hakikat,hakekat
hakim;hakim
hal;hal
halal;kasi,halal,sah
halaman;tengebah,tengah,taneh,pemadaghgan
halang;dangdijuk,sawat,halang,tebat,appeng
halau;buyyu,alau,usigh,halau
halilintar;guntogh,guleu,nyaghu,manah
haluan;haguk,adok,,adepan
halus;lassagh,halus,alus
hama;kuman,hamo
hamba;bedua,kayinan,budak
hambar;nyeyah,tawagh,ngeganyap
hambat;halang,adang,ambat
hambur;tabogh,keghap,umban
hamil;biakkulik,ngandung,meteng
hampa;hapa,bakkang,apou
hampar;bejagh,keccat,bejjat
hampir;cikan,naghas,pandok
hancur;hancogh,lutak,accugh
handai;keghabat,kenalan,sakelik
handuk;anduk,basohan,telesan
hangat;handop,andep
hangus;tutung,habu,mutung
hantam;gasak,gasik,hantem
hantar;hatagh,attak
hantu;hantu,belis,attu
hanya;ikan,Cuma,anou
hanyut;tehanyut,tanyok
hapus;hapus,lebon,sappun
haram;hagham
harap;haghap,peghetok
hardik;hegop,hajjak,aggep,suyou
harga;ghega,igo,ajin
hari;ghani,dawah,kebian,panas,aghei
harimau;kumbok,lemawong,waw
harmonica;ghegin,ghamonnika,genggong
harta;hagta,banda,dau,hagtou
harum;meghum,wangei
harus;musti,wajib,harus
hasil;ulih,hasil,masso,padah
hasrat;peghetok,ago
hasta;hasta,sikeu,tou
hasud;hasung,bujing,asut,hasut
hati;hati,atei
haus;mahu,hawos,awes
hawa;hawa,awou,hawo
hebat;hibat,jitu
heboh;lulttam,tegegh,gegeh
hela;taghik,panjut
helai;ghambal,lammbagh,lambau
hemat;tedos,himat,tettim
hembus;embus,sebu
hendak;hago,ago
hening;hanning,hiyon,iyenn,cecces
henti;taghu,ghadu,ghadeu,beghadu
heran;heghan,makneduh,ewoh
hewan;binatang,setua
hias;dandan,hias
hibur;geginak,babang,hibugh
hidang;nikkuk,hiding,nyani,sajei,idang
hidung;ighung
hidup;hughig,ughik
hijab;lindung,hijab,ijab,kelegh
hijau;hujau,ujau
hikayat;waghahan,ghuham,ceghito
hikmat;hhikmat
hilang;lebon,tiwas,naghat,melap
hilir;doh,liba,libo,libou
himbau;unggugh,ughau,cuwak
himpit;gecit,duddogh,jepet,gepit
himpun;ngesi,sapon,kuppul,himpun,kekkuk
hina;tapos,kenayan,cela,unyah,cellou
hindar;gilik,malih,tandak,ngejawoh,lijung,bighik
hingga;sampai,antak,tigeh,bates,sehinggou
hirau;jemanoh,pethatei,iwen
hitam;halom,haghong,agheng
hitung;ghikin,itung
hormat;tabik,hogmat
hubung;sambung,kait
hujan;labung,teghai,ujan,ghagecik,geghimis
hujung;uncuk,ujung
hokum;hokum,ukum
hulu;unggak,hhuliu,ulu,datas,udik
huma;sabah,huma,umo,omou
huni;fiyomi,tunggu,issei
hujam;pacok,taccap,pettek,bebbes
hanus;cabuk,ambuk,ajok,cenabuk
hura-hura;gagagha,hughagou
huruf;hughuf,aksagha
husus;hana-hana,husus
hutan;pullan,ghimba,laspelan
hutang;hutang,utang,injaman
ia;payyu,ia,yo,yu,you
iba;tamat,sedih,kesian,ibo
ibadat;ibadat
ibarat;ibaghat,missal,umpama,sekigho,andaino
iblis;habelis,iblis,belis
ibu;mak,umi,ma,indui,endai,ibu
idam;teghok,myitta,nyetto,ngeghaghap
idap;ngidap,ngaboupenyakit
ihtiar;kelik,ihtiar,usaha
ihwal;ihwal,hal
ijuk;sabuk,baghuk
ikan;kok,baghut,ikek
ighas;ighas,ghila,suka,sukou
ightiar;usaha,kellik,ghijou
iklim;iklim,cuaca
ikrar;janji
ikut;nutuk,tutuk
ilalang;liyoh,liyeh,tegal
iler;kelawis,ngelipagh
ilham;ilham
ilir;doh,libou
ilmu;kepandaian,senubalan,ilmku,ilmeu
imam;tutukan,imam,tutugen
iman;kepegcayaan,iman,eman,keyakinan
imanat;imanat,umanat,amanat
Imbal;balos,masso,bengot,mighing
Imbalan;pengeni,upah,nejuk,imbang,tembang
imbas;kehimbaas,angin,tenyebou
imbuh;nambuh,bubuh,nambah
umpotek;lay,malap,komeng
inang;tukangbabang,indui,beduwo,pangan
inap;inok,minok
incar;timah,nipeu
indah;helau,betik,sikep'hallau,wawai,ngagak
induk;kelabai,mak,biang,induk,ina
ingat;ingok,iling
ingin;nadaiteghok,meghetok,ago,haga,agou,ngeneh,
ingkar;mukkigh,makngaku,nyangka,nulak,ingkagh
ingus;ingu,ingeu
ini;hijjo,sinji,sa,hinji,ejo,hijou,hiji,ijjou
injak;kijal,ilik,yok,yek
insaf;nyebut,tubat,insaf,hesap,ingok
intai;itton,intan,ten,ton
intip;sambaing,subuk,ittai,inttip
ipar;sigha,ugang,tuala,lakau
irama;lagu
iri;sasegha,ighi,ghil,dekki
iring;hepak,tutuk,ighing
iris;highis,hegghap,sisik,sesek,aghap
irit;cacutikan,lalunikan,hemat
isak;babisok,hiwang
isap;hisop,isep,ngisep
iseng;gaguwai,cacuba,mamain,iseng
isi;isi,muat,sei
istana;istana
istarahat;taghu,menong,ngehaman,beghadu
istri;ighoman,kehajjong,bebaini,kebyan,majeu,issinuwo,bei,kelabainighayyoh,inanisanak
isyarat;tanda,tando,alamat,saghat,kedu,abada
itik;itik,kitik,seghetei
itu;hinno,sina,sudi,eno,hinei,hina,inou,enou
izin;peghmisi,kenian,izin
jadi;jadi,tubas,jadei
jaga;jaga,tunggu,miyah,,jago,jagou
jagat;dunia,jagat,deniyou
jago;jajguk
jagung;jagung
jagur;balakbadan
jahanam;jahanam
jahat;jahal,bughak,jahat,duguk
jahe;jahik
jahil;cukik,jahil
jahit;seghuk,jahit
jaja;jaja,jajou,kepandai
jajah;jajah
jajal;seadong,cubo,cobou
jajan;belanja,belanjou,nekan
jajar;tagh,baghis,deghet
jaka;jekat
jaksa;jasso,jaksa,jassou
jala;jala,jalo,jalou
jalan;ghanglaya,lapah,ghanglayo
jalang;jalang,lucuk,lepas
jalar;ghekap,ghayap,ghaghubat
jalin;anyam,ghakkai
jalur;luyut,jalugh
jam;jam,aghluji
jamah;sadak,culik,tuwil,gandak
jamak;jamak
jaman;kala,jaman,kalou
jamban;kakus,pokmissing
jambu;jambu,jambeu
jambul;siding,mucco,jambul
jamin;tangggung,jamin
jampi;jampi,jappei,jappi
jamu;jamu,jameu
jamur;kulak
janda;balu,bebaibalu,ghando,jandou
jangan;dang,ikin,dakken
janggal;ganggu,janggal,makpantas,makhelau
janggut;jangguk,janggut
jangka;masa,jangka,jakkou
jangkar;jakkagh
jangkau;jekau
jangkrik;cacighik
jangkung;ghanggal,langgagh,junggui,ghaccakngogang,cogang,tugang
janji;janji,janjei
jantan;ghagah,bakas,kaghaipejalu
jantung;jattung
jarak;hantagha,antagho
jarang;jajghang,punjawang,nighing
jari;jaghi,gheghangou,jaghei
jarring;jaghing,legian
jarum;seghok,jaghum
jas;jas,kawaijas
jasa;jasa,jaso,ulah
jasad;jasad,badan
jatah;bagian,jatah
jati;jati
jatuh;gugugh,tiyak,gegak,gugogh
jauh;jawoh,jaweh
jawab;jawab,timbale,tembal
jaya;jaya,jayou
jebol;tubmbus,tukak,tebuk
jejak;tapak,luyut,kas,jejak
jejaka;meghanai,menganai
jejal;suppol,jejol,sesak
jejer;jejegh,jajagh,naghis
jelang;lupuk,lepas,bileng,ngandep
jelas;teghang,jelas,nyato
jelek;jahal,makbetik,ganggeu,makwawai,tangging
jelma;myaghu,muleu,tembul,ceccul
jemaah;jemaah
jembatan;jeghambah,jambat,titi
jempol;keddipu,kelepeu
jemput;susung,susul,unut,bileng,nyusul
jemu;lejju,geloh,busen
jemur;pawai,kekgheng,pegh
jenaka;ceghagil,lucu,ngeguaikelalang
jenazah;mayat,jenazah,hattu
jendela;sekapan,jendela
jenderal;jeneghal
jengger;jaghghak,paling
jenggot;jangguk,janggut
jengkel;mulot,nyuwoh,beccei,kesel
jengkol;jeghing
jenguk;liyak,tinuk,subuk
janis;macem
jenjang;jenjang
jentik;getak,petik
jenuh;lejju,beteng
jepit;duddogh,jepit,sepik,capik
jera;jegha,jegho,jeghou
jerami;jami,jamei
jerat;pipnja,siding,penjou,jeghat
jerawat;jayok,jawak,jeghawat
jerih;payah,susah,ulah,susahpayah
jerit;pekik,packing,mekeghik
jernih;ghilau,ighang,bening
jeruji;jeghuji
jeruk;limau
jerumus;cabbus,jeghumus,beghek
jewer;jewegh
jibrail;jebrail
jidat;tagak,pudak,kedak
jijik;neghaggi,nyuwoh,ghennyeh,genyoh
jika;sekigha,andai,lamun,amon
jilat;belak,pellet
jilid;jilid
jimak;pujama,campugh
jimat;jimat,tumbal,gagaman,jemat
jin;jin,setan
jinak;tutut,ghinok,ghinek
jingkrak;ghakkak,lepat
jinjing;kuttai,cincing,ceweng
jiplak;tabai,tighu
jiran;tetangga,paghoknuwou
jitu;tepat,jitue,paten
jiwa;ghuh,jiwo,,jiwa
jodoh;judu,judeu
joget;naghi,jugint,taghei
jolok;jugagh,ajuk
jompo;tuha,kuyutan
jongkok;sungguk,bungkuk,jengek,cemenguk,cengguk
jongos;babu,penakawan,beduwo,lembang,gendik
jorok;kamah,gajul,kettut,teluwah,ghakus
jotos;segung,gocoh,gucuh
jua;ikah,cuman,munih,begawoh
juadah;juwadah
jual;jual
juang;juang,usaha,johang
juara;juagha,pendekagh,juwaghou
jubah;jubah,jobah
.jubel;pelik-petol,latap,semek,pepek,bejejel
judes;panasbaghan,judes,jehel,beghangges
judi;main,judi,gughau
juga;munih,moneh
jujur;ghalis,jujugh,ghulus,lughus,tebbeng
juling;juling,biliau,mighing
juluk;adok,juluk,gelagh
julur;sului,ghules,cekkai,cellet
jumantara;langek,langit
jumbai;ghumbai,jumbai
jumlaha;ghikinan,jamelah
jumpa;tungga,pehalu,tumbuk,temu
jungkir;jungkit,jemungkit,bullet,tebalik
junjung;cuncun,akkat,cecun,,jejjung
juntai;juntai,jemuntai,juttai,cettai
junub;junub,kutogh,hadas
juragan;jeragan
jurai;jorai,buwai
jurang;ghulah,jughang
juru;tukang,jaghu,jughu
jurus;jughus,lakkah,aghgak,tipei
juta;juta
ka'bah;ka'ba
kabar;kabagh,beghitou
kabul;kabul,teghima
kabung;seadih,susah,putok
kabur;ghudap
kabut;hasok,awan,sabek,kabut
kaca;kaca,kaco,kacou
kacang;kacang
kacau;layau,kacau,kusuk
kaci;kacei,kainandak
kacip;kacip,getting
kada;kakala,ghesok,kekalou
kadar;ukugham,hattak,kudghat,wates,kadagh
kadas;keghidas,kughap
kadi;hakim
kafan;keppan,kafan
kaget;tekanjat,kejut,pessou
kagok;ghidu,kaku,kagok
kagum;hegham,tecengong,keseneh,kagum
kail;kawil,tajugh
kain;kain,dasagh
kais;ngekagh,kekkai
kait;kawik,kayok
kaji;kaji
kakak;pun,atinudo,abang,kiyai,daing,baatin,kakak
kakek;tamong,datuk,bakas,appeu
kaki;cukuk,kukut,caluk
kaku;gunggong,kakeu
kakus;kakus
kala;waktu,kala
kalah;alah,kalah
kalajengking;kala,kalo,kalijengking
kalap;lupadighi,kalap
kalau;kittu,kattu,kia,lamun,amon
kalbu;kelabu,kalbu,kelebeu
kaleng;kaling
kali;heliyang,wai,sungai
kalimat;kelimah
kalung;ghattai,ghantai
kalut;kacau,kalut
kamar;bilik,kamagh
kambing;kambing
kambuh;tingok,kulohan,bangat
kami;sikam,sikamghuppok,bangat
kamis;kemis
kampak;bacci,kapak,beliyung
kampil;kampil,kappel
kampung;pekon,tiuh,anek,kappung
kamu;niku,nikeu,puskam,mettey
kanak-kanak;sanaklunik
kanan;kanan
kancah;bilai,bahas
kancil;napuh,kaccil
kancing;mujah,kaccing
kancut;katcut,cawet
kandang;sakkagh,ubung,kandang,kughuk
kandas;kasat,kandas
kandis;kandis
kandung;kandung
kangen;tigham,sasagh,nggigham,ghidu
kangkung;kangkung
kanjeng;kanjeng,kiyai
kanji;tajin
kantong;uccang,paket,kattong
kantor;kattugh
kantuk;kedugok,kedugek,kedogok
kapal;kapal
kapan;kesaka,akupun,kapan
kapar;ngiyambang,ghapak,keghudang
kapas;kapas
kapir;kapigh,kapegh
kapok;jegha,jeghou
kapuk;kapuk
kapur;kapugh
karam;kaghom,tebeghok
karang;kaghang
karat;kaghat
kardus;kutak,kaghadus
karena;sebab,mana,ulah,sakka
karet;kaghet
karib;ghedik,ghndos.paghek,pekket
karma;kaghma
kartuh;keghattu,kertu
karung;guni,kaghung
karunia;kughnia,kasihtohan
karya;hasil,kegja,ghasan,gawei,keghjo
karyawan;kaghyawan,peghawai,tukangguwai
kasha;apaiwei,kasha
kasak-kusuk;kasak-kusuk,beiyep-siyep
kasar;mesehal,kasagh
kasau;kasau
kasih;keni,juk
kasta;kasta
kasur;kasughg
kata;kicik,cawa,cawo,katou
katak;kemincak,kuduk
katam;tammat
katiak;kelupah,pah
katup;tukuup,kebok,tutup,katup
kaum;ahli,kaum
kaus;kaus
kawal;ighing,jaga,tunggu,jago,kawal,jagou
kawan;ghik,kanca,jama,pegheda,jamo,jamou
kawat;kawak
kawin;kahwin,kawin,nikah,bulamban,ghittok
kawung;hanau
kaya;mubatin,mepawagh,kaya,kayo,ghayo
kayu;kayu,kayeu
kayuh;kayuh,dayung
kebajuikan;kebtik-an,kewawaian,kehelauan
kebal;kebol,kebbel
kebay;kebaya,kawaibebai
kebiri;kebigji,kebighei
kebun;daghak,kebun
kebut;geluk,gaccang
kecantaol;tekawik,tekait
kecewa;keciwa,lunikhati
kecil;lunik,lutik,ghenik
kecoh;tipu,kicuh,budi,buhung
kecuali;selain,kecuali
kecubung;kecubung
kecup;kecup,sekkei,sium,ceccep,kecuk
kecut;ghabaihati
kedai;waghung,tatanjak
keder;ghabai,bingung
kedip;kicop,ghicop,kicep,kelip
kedok;tuping,kedok
kehendak;kehaga,peghentog.tenadai,tadaiagou
kejam;buas,kejam,bengis
kejang;segunggongan,kaku
kejar;pupuh,alau,beddak,upung,bughu
keji;jahal,kamah,hina,celou
kejut;tekanjat,neghanjuk,kagit,kejut
kekal;lana,kekkel,lanou
kekasih;pngan,kegeghing,tuning,kehgoan,tebadai
kelabu;kelabu
keladi;talos,kemumu,kebahang
kelahi;ghigu,laga,ghusungn,capung,piseu,lagou
kelak;kanah,ka'tah,nanti,na'an,jemoh,sawai
kelakar;kelakagh,ghgaghemyoh,balakumumg,gughau,ghunyah
kelam;kelom,manom,manem
kelambu;kelambu
kelamin;ghupani,kelamin
kelana;midogh,neghatao
kelapa;kelapa,nyiwi,kelapou
keledai;keledai
kelelap;kehallop,tegelem
kelelawar;tigal,bayat
kelenger;tiyalai
kelewang;pedang
keliling;keliling,ngelingkogh,kitegh
kelingkIng;kecil
kelola;teguai,ughus,kelola
kelompok;kelompok,miyanakwaghey,geppeng
kelontong;kelontong
keluar;luwagh
keluarga;sangamiyanak,sangamahan,sukeu,miyanak,keluaghga
keluh;keluh
kemah;kemah
kemala;batuasih
kemanakah;nakan,naken
kemang;kemang
kemangi;kemangei
kemanten;kebayan,maju,mengiyan
kemarau;kemaghau
kemaren;nambi,beghebei,bijo
kemari;ijak,adekjou
kemas;kukkos,ghikkes,kekkes,sapen
kembali;muloh,mulang
kembang;bunga,kumbang
kembar;lindu,ghgumpi
kembung;bukkang,kembung,nyeedid
kemeja;kawai,kemeja
kemelut;kemelut
kemeyan;munyan,miyan,menyan
kemiri;kemiling
kemis;kemis
kempa;keppa
kempelang;keplang,keghupuk,upak
kempes;kappis,kipit,keppes
kempit;kepit,kepet
kempot;pinyuk,kiyut
kemudi;stang,kemudei
kemudian;lajuni,ghadusina,segaduwnou
kena;kena,tehantuk,kenou
kenal;inong,kenal,timal,pandai
kenan;neghima,dapek,ghila,kenan
kenang;ingok
kenanga;kenanga,kenagou
kenapa;menapi,ulahapi,ulahnyo,apingeba
kencan;setemuan,nganjang
kencana;mas
kencang;kiccong,ghedok
kencing;miyoh,yoh
kencur;cekkugh,,cekeu
kendala;halangan
kendati;kippak,walau,najin,
kendi;ghumbiih,kibuk
kendor;megedugh,kendugh
kenduri;nayuh,bedu-a,bebacou,ngamin
kening;kening
kental;katok,kantol,kettel
kentang;hhubimendighakettang
kentara;panjak,nyata,nyatou
kenntut;metuk,hettuk,tuk
kenyang;bettong,lejju
kepada;mid,adok
kepala;hulu,uleu,ulu
kepalang;makubah,kanjuk,kepalang
kepepet;kepipit,tejepet
kepergok;kepeghaguk,kedapokan
kepinding;temalawot,gihei
kepiting;gaghak
kepleset;tekusagh,tepelisit,tegelisit
kepompong;kepompong,kalimattuk
keponakan;nakan,naken
kepung;kughung,keliling,
kera;kegha,keghou
kerabat;minakmuwaghi,sekelik
kerak;langkuk,lakkuk,keghungan
keramat;keghamat
keranda;keghanda,leccau
kerang;kembelok,kima,kiung,getis
kerangka;ghakka,ghakkou
keranjang;bayuk,sumbuk,sap,keghanjang
kerap;ghisok,ghisek
keras;tihha,tiyas,pegheng
kerat;highis,kaghet,tetek,sesek
kebau;kerbau,kibau
kerdil;budol,lunik,ghikik,kucel
kereta;kegghita,keghito,keghitou
kerikil;kegghikil,kedekil
kering;nyaggu,mallluh,ngelung,keghing
keringat;hitting,iting
keripik;keghipik
keriput;layu,kiyut
keris;keghis,badik
keriting;galling,ikal,keghiting,mughet
kerja;guwai,keghja,keghjou
kerling;nyiligh,nyelau
kerok;ghuccang,kighok
kerongkong;lukkung,lekung
keroyok;gippul,,upung
kertas;keghattas
kerucut;ngucup
kerudung;kumbut,selindang,kanduk,tuguk,keghudung
keruh;bulok,butek,bolok
keruk;kali
kerumun;gippul
kerupuk;keghupuk,kepeleng,upak
kesal;kesol,kesel
kesambet;keseghupan,kekughuk-an
kesandung;tehattuk,tesakkut
kesasar;tedaya,tebembang
keseleo;silat,tekucil,tekeghilet
kesohor;tekenal,kesuhugh
kesusu;begeluk-geluk
ketan;siwok,ketan,gappo
ketat;pelik,seghot,semek
ketawa;lalang,muha,mohou
ketela;setila,setelou
ketemu;puhalu,tungga,tembuk
ketiak;bahkelupah,bahhanpah,pah
ketik;ketik
ketika;waktu,kala,watteu
ketik;ketik
ketika;waktu,kala,watteu
ketimun;lepang
ketipung;ketipung
ketupat;ketupat,lepot,kopat,kupat
kewalahan;kwalahan
khasiat;hasiyat
khawatir;kuwategh,galng,atei,kuatigh
khilaf;lupa,lupo,lupou,ghilapa
khitan;besunat,manditepui
khusus;ghusus,special,tisou
kiamat;kiamat
kias;missal,banding,kias,andai
kiat;cagha,pengulah
kiblat;kebelat
kibul;budi,buhung,tipu
kidal;icuk
kijang;kijang,wikis
kijing;getis,kijing
kikir;sejagh,suit,lukek,cupel,kumet
kikis;ngepebela,kekkis
kikuk;canggung,makkahlai,sukkaan,kakeu
kilah;hilah,alasan
kilat;kilap,kilat
kilir;sialt,geleu
kilo;kilo,kelou
kincir;kincir
kini;ganta,tano,tanou
kipas;kipas,kepas
kira;teduh,kigho,sakko,attan
kiri;kighi,kighei
kirim;kighim,lehot
kisah;kesah,ceghettou
kita;gham,ghamghuppok
kitab;kitab,ketab
kobar;lalung,ambugh
kobok;cumbung,kubuk
kocak;ceghagil,lucu
kocek;uccang,kattong,pakit
kocok;kakuccang,kocok
kodok;kemincak,kuduk
kodrat;kedeeghat
kokok;keghakut,kikuk
kolam;bumbung,ham,kulem
kolangkaling;kibol,kulang-kaling
kolong;dibah
kolot;tuha,tohou
komidi;kemidei
komisi;cuk,hadiah,komisei
kompa;kuppa,kepau
kompas;kompas
kompor;kompogh
kompromi;ngicik,hippun,mupakat
konde;cucukpulos,konde,belattung
kongsi;kungsi,kesei
konon;kittubang,teduh
kontan;smabuttangan,kuttan
konyol;makbehaghung
koper;petti,kopogh
kopi;kahwa,kupi,kupei
kopiah;ketupung,kepiyah
koral;keghikkil,kedekil
koran;koghan
korban;keghban
korek;cukkil,cekil
koreng;keghidas,kedas
koret;kughit
korma;kurma,kemou
korsi;keghussi,keghussi,kegsei
kosong;bangkang,bakkang
kota;kutak,kotak
kotor;kamak,kamah
koyak;saghak,caghik
kritik;bada
kritis;getting,ghessep
krupuk;keghupuk,keplang,upak
kuacai;kuwacei
kuah;bibei,kuwah
kuala;hemagha,kuwalou
kualat;nuppuhdusa,kewalat
kuali;kaccah,belngo
kuas;kuas
kuasa;kuasow
kuat;kuwawa,tahan,kuwat
kuatir;kawategh,galangatei,waswas
kubah;kebah,kubah
kubang;kobang,kuabang
kubur;kubugh
kucar-kacir;tabuicitagh
kucil;sassing,kucil
kucing;kucing
kuda;kuda,kodou
keadis;kegdis,kedas,kidas
kudung;kumbut,selidang,kundung,kandung
kue;buak,juwandak
kuini;limus,kuwanei
kuku;tangai,kukei
kukuh;kukus
kukus;kukus
kulai;kelemohan,lemoh
kuliah;kuliah
kulit;bawak,babak
kulub;kulup
kumal;kamak,kamah
kuman;koman,kuman
kuamt;aghingcakak,kumat
kumbang;myuyong,tebabaung,uding,penabeng
kumis;kumis,komes
kumpul;himpul,kepul
kumur;kakumughg,komou
kunang-kunang;kakunangan
kunci;kunci,kecei
kunimg;kunyinyigh
kunjung;silau,liyuh,unutnyegok,bileng,pegu
kuno;tumbai,kukno,konou
kunyah;ngangngal,kunyah
kunyit;kunyyigh,kunyew
kuping;cuping
kupu-kupu;haliwawak,alibuwak
kur'an;kuran
kurang;kughang,koghang
kurap;koghap,kughap
kuras;koghas,langok
kurban;kughban,keghban
kursi;kughussi,kughsei
kurung;kughung
kurus;ghayang,cingai
kusut;kusuk
kuatang;kotang
kutil;butigh,kutil
laba;utttung,tung
labah-labah;lawah
labil;kacau,maknetteu
labu;tabu,lebeu
labuh;labuh,beghadu
laci;lacei
lada;lada,ladou
lading;daghang,kebun,huma,umo,umou
laden;layan,tawok
lading;sekin,lading
laga;ghigu,laga,lagou
lagak;gelik,lagak
lagi;luwot,kuppek,kopok
lagu;lagu,lageu,pattun
lahir;hejong,tisambot,teghubik,lahegh,tubik
lain;sumang,baghih,lain
laju;teghus,laju,lajeu
laki;ghgah,bakas
laknat;kutuk,laknat
laku;laku
lalai;lupa,lengah,lalai
lalap;ulam,lalap
lalat;hagjal,ghal,ghaghibung
lalim;bengis,kejam
lalu;liyu,liyeu,lewat
lama;beni,muni,munei
lamar;ngita,minang,cakakpun
lambai;ngejung,lambai
lamban;legoh,ggeguk,gumok
lambing;tanda,tandou
lambat;legoh,alun,kifet
lambung;ngangahati,lepat,gatcak
lamppau;likut,jebei,timbai,lewat,saighadu
lampit;kasha,lappit,apaiwei
lampu;damagh,lappu,lappeu
lampung;lapping
lancang;laccagh,lassung,lughus
lancip;tajom,tajem
lacong;midogh,meghantagu
lacung;laccang
landa;teghganjang,langgagh
landaai;pattai
landak;ghuyyan,wiyyan,luyan
landas;ghandos,alas
langau;haghal,langue,ghal
langgam;caghem,caghou
langgan;langgan
langgaar;langgagh,sughau
langgeng;mesaka,kekel
languk;nuuha,pungah,ngasei
langit;langit,langek
langka;jghang,neighing
langkah;jippang,jingkah,,lakkah
langsat;lassak,ghukeuk
langsing;lalissighhan
langsung;teghus,lassung
lanjut;laju
lantai;lattai
lantang;jelasdinah,lattng
lantas;laju,teghus
lanting;tibeng,lepau
lantur;nejang,tesepeng
laos;lawas
lap;gabus,lap
lapang;lapang,beghaknenah
lapangan;tannohlapang
lapar;bettoh
lapik;lapis,alas
lapis;lapis,susun
lapor;ngadu,betulang,ngenipandai,ngukunan
lapuk;bughak
lara;lagha,sushatei
larang;tahan,makngejuk,tegah
laras;lup
lari;tuyun,cekelang
laris;laghis,lakeu
larut;lipugh,capping,sou
laskar;seghdadu,pejegit
latah;latah,tatughutan
latih;latih,ajagh
lauk;gulai,nekan,suwa
laut;lawok,lawet
lawak;ceghagil,lucceu
lawan;lawan,haguk
layak;layak,patut
layan;layan
layang;layang,temabugh
layar;layagh
layu;layu
lazim;biasa,biaso,kelai
lebah;myingok,uding
lebak;ghawang,senap
lebar;beghak
lebaran;buka,lebaghan
lebih;lebih
lebur;haccuggh
lecet;mellalas,lelis
ledak;ledak,pecoh
lega;puashati,leggo,lapang,tegeggo
legit;mettogh,manis,mes
legok;kelung
leher;galah,keciciccil
lekang;bekqaa,belah
lekas;geluk,ghikas
lekat;nandok,lekok,tandok,neppel
leleah;buya,payah
lelaki;bkas,ghagah
lelakon;lallkun
lelap;lullo,lenyap
lele;kalang,hitu,iteu
leleh;tekuwai,leleh
laluasa;sehahaga,bebas,kedeago
lelucon;guwailucceu
leluhur;poyang,tuyuktughing,appeutuyuk
lemah;lamoh
lemak;taboh,lemakmenyak
lemang;lemang,lemmes
lembaga;lembaga
lembah;ghulah
lembap;melalasok,babasoh
lembar;lembagh
lembek;panyak
lembing;payan,tumbak
lembu;jawi,sapi,sapei
lembut;alus,lembut,lemoh
lempar;sitang,haccong,tayagh,lepau,tibeng
lempem;layu,lepem
lempeng;leppeng,ghalis
lemper;lepegh,selippok
lempuyang;lepoyang
lena;lenyap
lengah;lalai,lingah,makpastiti
lengan;pelissan,pungeu
lengang;hening,hiyon,sunyei,sapei,yen
lenggang;lenggang
lengkap;genok,cukup,genep
lengket;ngelekok,nando
lengking;making
lengkuas;lawas
lengos;lengos
lenyap;lebon,melap
lepas;lepas,lucu,tettang
lestari;melana,mesaka,kekel
lesu;lemoh,lesu
lesung;lesung
letak;ghang,pok
letih;palai,payah,kelloh
letup;letup,pecoh
letus;ledak,letus
lewat;liiyu,lewat
lezat;sedep,bangek
liang;ghawong,lobanglunik
liar;mekelagh,makghinok,jalang,buas
licik;petegh,licik
licin;liyut,liyogh
lidah;ma
lidi;liahai,lidei,bilah
lihai;liyak,tinuk,tuntong,nah
liku;liku,kelok
lilin;lilin
lilit;llilit
lima;lima,limo,lemou
limpah;kelippah,luap
lincah;gesit
lindas;giling,tnedih,giles
]lindu;lukuk,lenoi
lindung;lindung
linggis;tembilang,lingis,pengali
lingkar;ngelilik,lekegh
linglung;bengong,nengong
lintah;lintah
lintang;lintang
lintas;liyu,lewat
linu;mengangan,mengeghi
linpan;halupan,lupan
lipas;ipos,ipes
lipat;kulak,lepti,kuppih,lipet
lipur;apus,melap
lisan;cawa,ocap
liur;ilui,lui
loba;tamak
lodeh;tabogh.Lodeh
logat;logat
lohor;luhug
lolos;lepas,lucuklupuk,lulus
lomba;cabai
lompat;lluccak,lepat
loncat;luccakhambung
lonceng;lucking,kighingan
longer;lapang,pidah
lonjak;nambah
lonjong;buttoghtelui,bujeu
lontar;sitang,situh,tibeng,leppau
lonte;meghidang,lacugh
lorong;lughung
lowong;bakkang,kosong
loyo;kelemohan
luag;luwang,kosong
luap;luap
luar;laugh,luwah
luas;beghak
lubang;ghawong,liyang,lobang,bembung
Lubuk;ulok,olok
lucu;ceghagil,luceu
ludah;iluui,luimitep
ludes;bela,gelek
luhur;helau,gatcak
luka;katan,metibak
lukis;lukis,gambagh
luku;lukeu,bajak
luluh;haccugh,ghemek
lulus;lulus
lumayan;wayahnayan,watjogou,lumayan
lumbung;balai,lumbung
lumpang;lesung
lumpuh;luppuh
lumpur;beghos,litak
lumrah;kelai,biasa
lumut;lukuk,lomot
lunak;lonos
lunta;sosah
luntur;massuh,luntugh
lupa;lupa,lopou
luptu;lebou,melap
lurah;pesighah,kepala,kepalo
lurus;ghalis,ghulus,tebeng
lusa;sawai
lusin;lusin
lutung;cigug,lultung
lutut;tuwot,tuwet
laws;sikep
maaf;mahap,appun
mabuk;mabuk
mabur;hambogh,temambugh
macam;macom,ghupa
macan;lemawong,kumbok
madrasah;medeghasah
madu;medu
magrib;megeghihb
mahal;mahal,kahut
mahaligai;mahligai,tahta
mahar;maskawin
mahir;pandai,petegh
main;main,begughau,musi
majalah;majalah
majelis;meghawati
majikan;tuwan,tuhoghjao,puan
majir;beladingan,mandul,majigh
maju;maju,mejadi
mak;induui,mank,ina,umi
maka;maka,mulo,mulo,jadi
makam;luwah,kubugh
makan;mengan,mejik,majuh,ngebelot
makbul;kabul,mekebul
makcik;minan,odou
makelar;makelagh,agin
mahluk;maghluk,genuai
maki;pidak,cecasuapa,kajahuyah,landak
makin;tambah,kasagh,lebih,kessu
maklum;maklum,ngettei,ngejemanoh
maklumat;pengumumanmepandai,ma'lumat
makmun;makmun
makmur;makmughg,,ghayo
makna;ghatti,gheettei,maknouo
maksiat;maksiat,jahat,ghasanganggeu
maksud;tujuan,teges,maksud
malam;debingi,manom
malang;malang,sial,sosah
malapetaka;bencana,bala,bahlou
malaria;alaghia
malas;malas,tagi
maligai;mahligai
malim;malim,ulamak
maling;maling,beghetik
malu;liyom,maleummiluk
mamah;ngangal,musok
mampir;singah
mampu;dacok,ngedok',sngggup,dapok,kiwah
mampus;mati,pegat,puppos
mana;dipa,keddo,kedou
manakala;manakala,andai,sekigha,lamen
manic;panic,belanga
mancung;selagh,maccung
mandate;kepegcayaan,wewenang,kuaso,mandat
mandek;taghu,beghadeu
mandi;imul,mandi,duwai
mandor;mandugh
mandul;mandul,majigh
mamfaat;guna,peghulu,paedah,manpaat
mangga;limus,mangga
manggis;manggus,manggis
manggut;cunggok,ngangguk
mangkat;mati,matei,mapat
mangkir;mukkigh
mangkok;cumbung,mangkuk,cakkigh,cawan,kubuk
mangsa;munsa,massou
mani;kunon,wayyuyuh,manei
manis;mettogh,mes
manja;bebuju'an,kepeng'an
manjujr;manjoch,munjaghep,bisou
mantap;mattep,kukuh
mantel;jashujan,kawai
mantra;mammang,jampi,baco-an,lelemu
mantu;mattu,matteu
manusia;jamma,jelema,jimo,manosiou
mapak;nyussung,ngebileng,nyyusul
marah;ngamuk,magha,butong,suyai,gacci
marak;meghiyah,ghamik
marbut;meghebut
marga;meghagga,meghgouo
mari;ija,hunja,adekjo,nitdija,adekjou
markas;maghkas
martabat;deghajat,pangkat,maghtabat
martil;pali,beghang
masa;waktu,masa
masak;nyunjong,ngekuk,tasak
masalah;sual,hal
masih;pagun,lagi
masin;mesin
masing;tenggalan,sayan
masing-masing;unggal
masjid;mesigit,msjid
masuk;kughuk,tisok
masyarakat;jelemaghamik
masygul;kesal,susah,atei
masyhur;tekenal,kesuhugh,tekatou,kecacah
mata;mata,mato,matou
matahari;mataghari,matopanas
matang;mesak,tasak,mesiayu
mati;maklagi,mati,ninggal,laju,mulang
mau;haga,ago,agou
maut;mawut
mawar;kembangghos,mawar
mayang;takung,ugai,kallo
mayat;mayat,bebatang
mediator;penengah
mega;aban,awan,sabebk
megah;mewah,alo
meja;mija
mejen;mikkoh
mekar;makagh
melarat;melaghat
melati;kembmangmelugh
melek;nyedit,ngenah,negliyak
melempem;ngelik,layu
meleng;makawas,lengah,telupa
meleset;makkena,tegelesugh,meleset
melongo;ngelangau
melulu;cumo,aden-aden,sematou-matou
memang;sangau
memar;behighom,memogh,ighem
mempan;mampan,muppan
mempelai;maju,mengiyan,majeu
menang;menang
menantu;mattu,anakmantu
menara;menara
menceret;bucugh,menceghet
mencong;micung
mendadak;ngedadak
mending;watjuga,watjagou
mendung;gittop,mendung
mengapa;menapi,apingeba,ulahapi,ulahnyaou
mengkilap;menghilap,nyegelak
mengkudu;mengkudu
meninjau;nyilau,ngliyak,ngenah
menir;lemai
menit;menit
menjangan;uccal,cal,uncal
mentah;matah
mental;tesitang,tepelanting
mentereng;buyun,wawai,hallau
menteri;menteghi,menteghei
mentimun;lepang
menung;kicikangon,bepikigh,ngehamma
menyan;munyan
menyolok;mupanjak
merah;merak
meranti;beghatti,meghattei
merawan;mengeghawan
mercon;peghaccun,bekasan,beleduk
mercu;puncak,pecek
merdeka;merdeka
merdu;meghdu
mereka;tian,tianghuppok
merem;medom
meriah;ghamik
meriam;meghiem
marieng;meghuyung,maghing
merica;lada,ladou
merosot;tekusagh,tegesugh,tehanjal
merpati;acacang,darou
mertua;metuha,metohou
mesem;ngimut
mein;mesin
meski;walau,kipak
mesra;segeghingan,andes,buguh,ilingtemen
mesti;musti,makdacokmak
mesum;guwaijahal,cello,kamah
meter;meter
mewah;pawagh,melapang,nuabtin,miwah
milik;kaddaw,kabbak
mimbar;minbar,podium
mimpi;ngepala-I,ngatugh,mippin
minat;peghetok,teghok,kahag,agou
minggat;lijung,tuyun
minggir;minggigh,nyimbin
minggu;ahad,minggeu
minta;kilu,kileu,kilui
minum;nginum,inum
minyak;minyak
miring;giccing,mighing
mirip;megaguggoh,nyangem,injuk-injuk
misan;wagheitanjagh
miskin;melaghat,susah,miskin,sukeghg,makngemek,makmakkaou
mobil;mubil
modal;mudal,pukuk
model;model
modern;modern,majeu
moga-moga;kakalau,mudah-mudahan
mogok;mogok,macet
mohon;ngilul,ngehaghep
molek;sikop,sikep
momok;hattu,atteu,penyakit,penyakik
moncong;junguk,moncong
mondar-mandir;olang-oloh,mandakmandegh
montok;montok,mukel
monyet;menatat,kegh,kegho
motor;mutor,motor
muak;mehjak,nyuwoh,bejjei,geyoh
mual;menyunyugh,ngelukulet,agoumotah,ngegeluyou
mualaf;mualap
muara;hemagha,muagha,kualou
muat;muat,ngisi
mubazir;ngelalababh,bughus,mubazigh,ngebabela
muda;nguha,mudo,muda
mudah;tunai,gappang,mudah
mudik;mudik,munggak
mufakat;mepakat
muhrim;muhrim
mujarab;mejeghab
mujur;mujogh,mujugh,ghawan
muka;pudak,mukkaou
mukenah;telekung
mula;awal,asal,mula,mulou
mulai;tappil,mulai,molou,tapok,tajok
mulas;metahok,sakkikbeteng,sakiktenai
mulur;mulugh,nejang
mulut;banguk,ngegus,ganggou
mumet;pusing,pudogh
muncul;ngehambul,timbul,ticcul,ceccul
mundur;mundogh,kundugh
mungil;lunikngesitik
mungkin;dapekmunih,dapokjadei,pitang
mungkir;mukkigh,mekigh
mungut;ngudok,ngelahang
muntah;mutah
mupakat;mepakat,beghumbuk,beghunding
murah;mughak,makbughega
muram;mesam,sughem,mikkop,kelompundak
murid;mughid
murka;ngamuk,mesika,megahkou,maghah
murni;aseli,tulen
musang;musong
musibah;bala,musibah,celakou
musjik;music
musim;baghak,musim
musnah;bela,gelik,accugh,lotok,putout,liyuo
mustahil;mustahil
musuh;lawan,musuh,seteghau
musyawarah;hippun,ngicik,mupakat,musyawahagh,beghebuk
mutung;tutung,habu
nabi;nabi,nabbei
nada;bunyi,baghou
nafkah;napkah,ghejeki
nafsi;tenggalan,sayan
nafsu;napsu,hawa,nasseu
naga;naganagou
nahas;nahas,bala
naik;cakak,middenggak
najis;kamak,kamah,najjis
nakal;lacugh,nakal
nakoda;geghal,gelagh,geleu,cuwak-an
nampak;keliyak,kemhana,panjak
nampan;nalam
namun;najin,lamen,walau,tapei
nanas;nyanyas
nangka;belasa,lemasa,menaso,menasao
nanti;kanah,na'an,nanti
napas;hengas,mehiggo
napuh;kaccil,napuh
nasi;mi,kan
nasib;temuan,sughatan,nasib
nasiht;petuwo,cacao
naska;tulisan,buk
naung;bindom,lindung
negara;negagha,negaghou
negeri;negeghi,negeghei
nekad;nyangsat,nekad
nelayan;tukangiwa,tokangbepuyou
nenek;ajjong,ambai,appeunyayik
neraca;dacing,tingbangan
neraka;neghaka,neghako
nestapa;sedih,susah
netral;tatengah
ngambek;sikkuh,singuut
nganga;tebeghanga,tebokak
ngawur;ngeghacau
ngeri;ngegghi,ghabai
ngilu;ngenggegh
ngobrol;ngicik,bebalah,ngebeghol
ngompol;miyohsulah,miyohdilapai
ngumpet;segok,bejamok
niat;peghetok,niat,maksud
nikah;kawin,kahwin,nikah
nikmat;bangik,seneng
nilai;nilai,ghega,egou
ningrat;jammabatin,ulunngasei
nipah;nepah
nisan;cighi,padung
niscaya;musti,tatteu
noda`;aib,cacat
nol;nol,kosong
nomor;nomogh
nona;mulli,mulei
nongkrong;cengingngik
nonok;sik,puk,sek
nonton;nyubuk,ngenah
norma;ukughah,patokan
nujum;nujum,ngeghamal
nukil;nokel,nyalin
numpanng;nuppang,nepang
nyala;lalung,baya,ambughg
nyaman;agas,nyinnyik
nyana;sakkou,teduh
nyayi;pattun
nyaring;keghanning
nyaris;cikan,naghas,pandok
nyaru;nyaghu,nyagheu
nyata;jelas,kenahan,nyatou
nyawa;nyawa,ghguh,nyawao
nyeyak;lullok,puwegh
nyiur;kelpa,kelapou,nyiwi
nyolong;ngemaling,nyimot
obat;ubat
obor;hinagh,obogh,inangh
obrol;ngicik,bebalahan
olah;sani,laku
olahraga;geghanbadan
oleh;ulih,ulah,teguwai
oleng;goyang,buayun-ayun
olok;ulok
ombak;umbka,gelombang
omel;ghiwil,macah-macih,ghomeng
omong;cawa,cawo,bahaso
ompong;ghagung.ghagoh
onar;tegogh,tegeu,ghusuh
ongkos;kos,opah,biyou
orang;jelema,jeghema,jimo,jimou,ulun
orok;upi,upei
otak;utok,otok,utek
oto;mubil
oyong;tipput,ughung
pabial;kapan
pabrik;paberek
pacar;tunang,pangan,tenandai,kehagou
paceklik;paceklik,musimbetoh,kughangmengan
pacul;pacul
pada;adek,adok
padam;mati,matei,pedom,miyep
padan;banding,gegoh
pandang;tanohlapng,beghak
padat;padok,puppek
padi;paghi,paghei
padu;lippuh,cappugh
pagar;kuta,kutou
pagi;pagi,,klibak,tukuk,tepui
pagut;paguk
paha;paha,pahho,pohou
pahal;pahal,pahalou,balosan
paham;paham,ngegheti
padi;paghi,paghei
padu;lippuh,cappugh
pagar;kuta,kutou
pagi;pagi,klibik,tukuk,tepui
pagut;paguk
paha;paha,pahho,pohou
pahala;pahala,pahalaou,balosan
paham;paham,ngegheti
pahat;pahak,pahhak
pahit;pahit
pahlawan;pahlawan
pajak;pajek,cuki,biyo
pajang;nanjagh,nyulukken
pakai;pakai
paksa;bidi,paksa,passou,assel
pakiu;pakeu
palak;palak,ngehagmal
palang;pasok,palang,tehak
palawija;tanamon,daghak
paling;linguk,putegh
palsu;palsu
palu;palu,gundam,pemukul
paman;mamak,mamang,kemama
pamer;ngejajak,culuk
pamili;puwaghi,menyanak
pabah;panah,sepenuh
panas;panas,handop,andop
panau;beluwah
pancang;paccang,patok
pancar;paccigh
panci;paccei
pancing;kawil,tajugh
pandai;nalom,pintogh,pandai
pandan;pandan
pandang;tinuk,liak,nenah
pandu;pandu
panen;pengetesan,musim
panggang;panggang,paghom
panggil;ughau,cuwak
panggul;tunggang
pangkal;pakkal,ngemula
pangkaas;ghimbas,hughing
pangkat;pakkat
pangkku;taban,kepik
panglima;ulubalang
panglong;panglong
panitia;pematu,pengalaku
panitra;jughutulis
panjang;tijang,kejung
panjar;panjegh
panjat;cakak,nakakt,akkot
pantai;pinggigh,penggigh
panatng;pattang,makkasi
pantas;pantas,cocok,sikep
pantat;puttut,suyut,cungkong,beghik,tahak
pantau;ngeliwih,ughau
pantun;pattun,segata
pahu;beluwah
papah;papah,appin
papak;ghattou,sambut
papan;papan
papaya;gedang,tabukayu
parah;mesassak,bangat
parang;pedang,candung,sasak
paras;pudak,cacah,upou
parit;sighing,limbayan
parut;paghut
pasak;atung,bajei
pasal;hal,pasal
pasang;pasang
pasar;pecan,pasagh
pesemban;pesiban
pasir;heni
pasiran;pesighah
pasti;pasti,tatteu
pasung;blabak,pasung,takkep,belluk
patah;patoh,pateh
patih;patih
patik;hikam,skinduwa,ekam
patok;patok,pacceng
patri;sedogh,patghi
patuh;nutuk
patung;patung
patut;patut,layak
paut;sakkut
pawing;dedukun
paya;ghawang,senap
payah;payah,buya
paying;tudung,paying,tuguk
pecah;pecoh
pecat;pecat
paecut;pembebas,pemukul,pecut
pedagang;saudagagh
pedang;pedang
pedas;lalak
pedati;geghubak,sadeu
pedih;pedih
pedoman;pendoman
peduli;peduli,liwih
pegal;palai,nyeleu,nyilu
pegang;caccan,pegung,kating,keccing
pegawai;pegawai
pekak;tilu,tulok,tileu
pecan;pasagh,pecan
pekarangan;tengebah,banguna,tengahtanah
pekat;ketel,keghas
pekerti;tebeat,kelakuan
pekik;making,pekik,keghik
pelajar;sanaksekula
pelamin;pelamkin
pellampung;apapung,basung
pelan;pelegohan,alun-alun
pelana;pelana
pelanduk;kaccil,napuh
pelangi;ghunih,goneh
pelanhgkah;pelangkah
pelangkin;tandeu
pelatuk;pelatuk
pelaut;pelaut
pelawak;pelawak
pelayan;pelayan
pelbagai;bemacem-macem
pelekat;pelekat
pelepah;pelepah,penepah
pelesir;midogh,midegh
pelihara;matik,isik,pelighou,pejaghou
pelir;teling,peligh
pelit;suit,pisit,cupel
pelita;suit,pisit,cupel
pelitur;pelitugh
pelopor;pengajak,Pemula
pelor;pilugh,pelughu
pelosok;pelosok
peluang;watwaktu,watjalan
peluh;hiting,iting
peliuit;peluwit
peluk;dakok,dakep
pelukis;tukanggambagh
pelupuh;ghessi
pelupuk;kelopak
peluru;pilugh,pelughu
pemali;pattangan,makkasu
pematang;penuppon,pemalang
pemeo;peghughawan,cawouonyah
pemilik;saikedau
pemimpin;ngepala-I,saingatugh
pemuda;meghanai,anakmodou,menganai
pemudi;mulli,mulei
pemuka;tuha-tuha
pena;pen
penari;tokangtaghei
penasaran;makpuas
penat;palai,payah,kelloh,buya
penawar;obat,penawagh
pencak;silik,pecak
pencar;piccagh,tabui,pesah
Pencet;penjil,pecit,pejet
pencil;sikkigh,sekigh,metelut
pencuri;beghatih,pemalin,sebawau
pendam;ghudom,benem
pendapa;anjungan
pendek;buttak,ghenoh,ibah,ebah
pendekar;jaguk,pendikagh
pending;pending
pengalaman;nenahnengei
penganan;kanik-an,kananekan,kakanen
penganten;kebayan,mengiyan,maju
pengap;semok,apek
pengaruh;padah,pengaghuh
pengecut;peghabai
pengembara;puidogh
pengemis;pengemis
penggal;tuttok,tetek,tetok
penggawa;penggawa
penghulu;penghulu
pengkol;biluk,nyepang
pengkor;miccut,kaluk
pening;pudogh,puleng,pening,sakikhulu
peniti;semat,biting,panitei
penjahit;tukangseghuk
penjara;jil,buwi,buwei
penjuru;haguk
pensil;pisil,ghancung,metelut
pensiun;pensiun
pental;pelatting,jukkak
pentas;panggung
pentil;putik,putting
penting;peghallu,penting
pentung;peneteu,pembetu
penuh;latap,telandung,mapagh,spook,peppek
penyair;tokangsaegh
penyayi;tokangpattun
penyok;pinyuk,kelung
penyu;hentipa,bejekue
pepatah;pepatoh,seganeng
pepes;tuaman,teneghem
prabot;peghabut
perahu;upih,biduk,peghahu
perak;perak
perampok;ghappuk,peghampuk
perancang;peghencaka,peghencakou
perang;peghang
perangai;kelakuwan,peghangai
perangkap;pinja,penjou
perangkat;pegghakkat,langkep
perapatan;sepangpak
peras;keccil,piyoh,peghes
perawan;mulli,mulei
perbatin;peghawatijn
percaya;peghcaya,pegchayo,yakin,nemon
percik;peghaccik
percuma;pegcuma
perduli;pedulei
perekat;pelekok,lim
perempupan;bebabi,sebbai
pergi;mid,lapah,lijung,tandak
pergok;peghagguk
perigi;sumogh,sumugh
periksa;peghisa,peghesou
pering;peghing,buluh
perintah;kain,kayun,kisung,peghetan
perintis;pembuka
perisai;taming,tameng
peristiwa;kejadian,peghistiwa
periuk;ghayoh,ghayeh
perkakas;pekakas,peghabut
perkara;pekagha,pekaghou
perkasa;calak,geghoot,padek
perkosa;meghidang,ngakap,gaghhei
perlahan;pelogohan,alun-alun
perlu;peghallu,petting
permadani;ambal,permadanei
permai;helau,betik,wawai
permainsuri;kehajjong,bei
permata;permatou
permisi;betangguh,permisei
pernah;kakjak,ghandujak,ghaduwat
perompak;bajau,bajaklawok
persegi;pesagi
pertama;mula-mula,pakkal,peghtamou
perunggu;tembaga,tembagaou
perunggu;tembaga,,tembagou
perusuh;pengacau
perut;tenai,betong,betting
perwatin;tuhaghja
perwira;gagahbanei
pesan;lehot,umanat,tanggeh
pesat;geluk,lancagh,hallau
pesawat;pesawat
pesiar;midogh
pesirah;pesighah,saibatin
pesisir;pesisigh
pesta;nayuh,begawai,ngeghuah,ngamin,pista
pestol;pestol
petai;petagh
petak;petak
petang;dibi,debei,debbi
peti;peti,kotak
petik;putil,unduh
petir;guntogh,guleu
petis;ghujak
petuah;tetawai,petuwah
piagam;piagem,ijazah
piatu;piyatu
piawai;petegh,pandai
picik;lunik,cutik,semok,podok
pidato;pedato,pedateu
pihak;pehak,kebelah
pijar;pijegh
pijat;yayit,pijit
pikat;pikat
piker;pikigh,angon
pikul;tunggang,pikul
pikun;pikun
pilek;bittok,betook
pilih;pilih
pilu;putok,sedih,hagheu,piyetati
pimpin;pippin
pinang;bakkah,buwah
pincang;kaluk,kiccut,pincang,pikoh,kighut
pindah;malih,pendah
pindang;pindang
pinggang;tengah
pinggir;pinging,penggigh
pingggul;beghik,pakkalpohou
pnggit;kughung
pingsan;telayos,sengelap,salup
pinjam;nginjam
pinsil;pisil,metelut
pinta;kilu,kilui
pintal;gulung
opintar;nalom,pintogh,calak
pintas;pitas,pettas,mittas
pintu;ghagok,blangan
pipa;cuwi,ucci,pipa
pipi;bihong,bingngam
piring;ajang,panjang,sipin,oighing,pinggan
pisah;liwak,pesah,piyak
pisang;punti,puttei
pisau;lading,sekkin
pispot;pispot
pita;pita
pohon;batang,kayeu
pojok;tatuku,tetukeu,bucu
pokok;pukuk,mudal
pokrol;pokghol
pola;battuk,pola
poles;poles,polet
polisi;pelisi,upas,pelisei
politik;pelitik
polos;polos
pompa;kumpa,kuppa,kepau
pondok;kubu,sapu,,anjung,pondok.hula,kubeu
pongah;nuha,lagguk,pungah
popular;kecacah,kesuhugh,tekatou,mupanjak
potong;pelok,tuttok,tettek,ghetis
potret;ganbagh,puto
poyang;apakcanggah
prajurit;seghadu,tentegha,pejuhit
pransangka;teduh,penyana,tokok,pattan
pribadi;pesai,pghibadi
pribumi;aselei
produksi;saniyan,guayan,pemasou'an
program;ghencaka,ghenacan,hencako
protes;nyanggah,ngegugat,ngeghekis
puas;leju,senang,beteng,puas,leggou
puasa;puasa,puwaso
pucat;kehada'an,pucakbunyai
pucuk;kucuk,pucuk
pudar;pudding
pugar;ngedandan,ngewawai
puing;kughgan,tunggah,kas,ighah,gegutu
puiusi;saer,pattun
puja;nyumban,sanjung,hoghmat,mujei,enjujk
pujangga;jangga
puji;bujuk,puji,pujeri,sanjung
pukah;pukat
pukul;gada,pukul,latup,betteu,teteu,tettes
pula;munih,moneh,jogou
pulang;mulang,balik,moloh
pulas;lullok,lellok
pulau;pulau
pulih;muloh,waghas,munyai
pulut;puluk
punah;bela,mupus,punah,gellek,puput,liyau
pumcak;lambung,puncak,pecek,dunggak,datas
pundak;layang,peping
punggawa;penggawo
pungguk;punguk
punggung;tunduh,pimping,tekuyung,penepasagas
punggur;pungguh,penggugh
pungut;udok,odok,tenghalu,tembuk
punjung;punjung,penjung
punting;kelattung,putting
punya;kaddau,kedau,ngedok,ngemek,makni
pupur;bedak
pupus;bela,puput,gelik,upus,putau
pura-pura;ngaku,babudikan
purba;tumbai,zamanhou
purbakal;jebei,timbai
purnama;bagha
pusaka;pusaka,pesako
pusar;pusogh,puseu
pusat;pakkal
pusing;kakenongan,lengong,pusing,legok,pundoghan
pustaka;lullok,lellok
pulau;pulau
pulih;mulloh,waghas,munyai
pulut;puluk
punah;bela,mupus,punah,gellek,puput,liyau
puncak;lambung,puncak,pecccek,dunggak,datas
pundak;layang,peping
ounggawa;penggawo
pungguk;pungguk
punggung;tunduh,pimpingtekuyung,pemepasagas
punggur;punggugh,penjung
puntung;kelattung,putting
punya;kaddau,kedau,ngedok,ngemek,makni
pupur;bedak
pupus;bela,puput,gelik,mupus,puttau
pura-pura;ngaku,babudikan
purba;tumbai,zamnhou
purbakal;jebei,timbai
purnama;bagha
pusaka;pusaka,pesako
pusaar;pusogh,puseu
pusat;pakkal
pusing;kakenongan,lengong,pusing,legok,pundoghan
pustaka;kitab,buku
putar;kenong,putgoh,pustegh,hannen
putih;handak,andak
putik;kemetik
putting;kemeting
putting;ipung,putting
putra;anakbakas,anakghagah,meghanai
putrid;anakbai,mulei,anaksabai,peteghi
putu;putu
putus;pegat,putuk,puptus
puyuh;puyuh
raba;sadak,ghadak,tatap,kayau
rabbi;rabbi
rabuk;pupuk
rabun;ghabun,ghabun
racun;gacun,ghabun
radang;bayoh,gambung,nguppap,ghadang
ragam;ghagem,macem
ragi;ghagi,ghgei
ragu;bindu,ghagug,ghageu
ragum;ghagum,tang
rahang;teghagah,semilan,tigah
rahasia;ghesia,jamuka,ghesiyou
rahim;kandungan
raib;lebon,melap
raih;mansa,dacok,tigeh,cigau,dapok,tecapai
raja;ghaja,ghajou,saibatin
rajah;ghajah,jamat,gegaman
rajam;ghajam
rajang;ghajang,ngigis,ngekis
rajawali;kenui
rajin;ghajin,nemon,ngagok,tetton
rajuik;sikkuh,singut
rajut;nyuban,nyolam,
rak;rak
rakaat;rekaat
rakit;ghakit,ghaluk
raksasa;geghghasi
rakus;tamak,ngelamok
rakyat;ghakyat,anakbuah
ralat;ngeganti,ngedandan
ramadan;ramadon,bulan,puasa
ramah;waya,mesughah,ngemik-kemik,wawahpudak
ramai;ghamik,natah,lamon
ramal;tenung,palak
rambah;pebela,tuwaghi,ngeghayap
rambu;tanda,pancang,tando,ghambai
rambut;buwok,buwek
rampai;mendigha,tiyungdeghou
rampas`;tekkang,ghawot,ghattun,ghampas
ramping;kitting,ghapping
rampok;ghappuk,bigal
rampung;lesai,aspen,ghdu
ramu;sapai,susun,ghamu
rola;pola,battuk,gambagh
roles;poles,polet
rolosi;pelisi,upas,pelisei
rolitik;pelitik
rolos;polos,makketulis
rompa;kuppa,kumpo,keppa
rancu;amakkesiwah,ghacu
randa;balu,ghadan,ghandaou
randu;kapukghadu
rangka;ghakkah,kukah,kerakko,ghakkou
rangkaai;jemmu,ghakkai,sambung,jittuk
rangkak;ghakkang,megagkhang,ngakisut
rangkap;jalin,ghakkep,dubel
rangkul;dakok,dakep
rangkum;sippul
rangsang;ngighak,-ighak,ngegguaihaga,nyaniteghok
ranjang;katil,ghanjang
ranjau;ghanjau
ransum;acteu,pembagian
rantai;ghattai
rantang;tikkat,ghantang
rantau;gjhattau
ranting;pappang,ghatting
rapat;ghapot,paghok,ghedik
rapi;uyun,aspen,wawai
rapuh;ghapuh
rasa;ghasa,ghaso
rasul;nabi,ghasul
rata;ghatta,ghatou
ratap;batui,iwanganggek,nyedding,hiwangngenguk
ratna;iyyon,ten
raung;making,meghu
rawa;tabak
rawat;ughus,isik,pelighago
raya;balak
rayap;nanai,anai-anai,bubbuk
rayu;gagunik,ghayu
rebah;ghubuh,ghebah
rebung;bung,ibung
rebus;pajak
rebut;segaga,gaga,gabugh
receh;gheceh,lugam
reda;taghu,hiyon,beghadu
redam;hamma,taken
redup;mikkop,sughamukep
regang;kakkang
rejeki;ghejeki
reka;angon,ghekou
rekah;pecoh,tabui
rekam;simat,ghekam
rekan;ghik,kanca,kunsian,jamo
rela;ghila,sukasukou
remaja;temeghanjak,cakak,meghanai,cukupomogh
remang;ghidap,manem,wawwahkelom,sasidap
rembet;malik,ghambit
rembuk;hippun,ngicik,bebalah,ghembuk
rembulan;kenawat,bolan
remeh;gappang,tunai,mudah
remis;balui,beddu
remaph;babugha,bumbeu
remuk;hancogh,ghemek
renang;langui,tangui
rencan;ghekaca,ghencakou
rencong;badik,keghis
renda;ghinda,ghindou
rendah;ghenoh,ghebabh,ibah,ceddoh,buttak
rendam;lullok,beghok,ghandem
rendeng;banjagh,dapping
rengek;paghkilu,gagunik
renggang;ghenggang,janggang
rengut;ghebut,taghik
rengut;ngibel-ibel,ngagemagem
rentan;tonai,mudah
rentang;kecat,ibogh
rentet;ghakkat,ghentet
renung;angon,pikigh
repot;ghituk,siwek,ghibut,ghipuh
resah;ghesah,ngelesah
resam;adat,lelakun
resap;ghesop,ghasop
resmi;tegyhang,ghesmi
restu;hila,berkat
retak;metegha,lantang,ghattek,gheneu
rewel;ghiwil,ceghiwit,ghomeng
reyot;ghiyut
rezeki;ghejeki,bagian
ria;nuha,pungah
riak;umbak,gelumbang
riang;gighang,sokouatei,ghiyang
ribu;ghibu,ghibeu
ribut;ghibut,ghusuk,letok,pusimbat,pisu
rikuh;liyem,ghikuh
rimba;ghimba,pullan,las
rimbun;ghebbun,memun,nyeranggem
rindang;ghimbun,linggem,jimak
rindu;tigham,sasagh,ngigham,ghindu
ringan;hampang
ringit;ghinggit
ringkas;buttak
ringkuk;tekeghuk
ringkus;ghikus,ikok
ringsek;pinyuk
rintang;halng,tebat
rintih;neghingil,ngagui-agui
rintik;ghaghecik,babeghai
rintis;ghittis,cecagh,ghattes
risau;magoh,meputok
risiko;akibat,hasil,massano,pengebao
riuh;ghuccah
riwayat;ceghita,ceghetou
robah;ghubah,balin
robek;saghak,cayoh,caghik
roboh;ghubuh,ghukkak
roda;ghuda
rodi;kuli,guaipakso
rogoh;celuk,ghadak
roh;ruh,nyawa
rokok;ghukuk,udut
roman;pundak,cacah,oppou
rombak;guyak,bukkagh,ghambak,ghumbak
rombongan;kabab
ropong;ghupung
ronda;jaga,jagou,ghunda
rongga;ghawoh,liang,lubang,lekung
ronggenng;ghunggeng
ronggrong;ngegayah,nyosahken
rontok;gugughan
rotan;huwi,ewey
roti;ghuti
royal;bughgus,ghuyul
ruang;ghang,pok
ruas;ngawwan,bukuh
rubabh;ubah,ganti,balin
rugi;ghugi,tekogh
rujak;ghujak,petis
ruji;kakisi,kisei-kisei
rujuk;sulohah,muloh,balik
rukuk;sungguk,rikuk
rukun;mepakat,damai,sapon,akugh
rumah;lamban,mahal,nuwo
rumbai;ghambai
rumit;ghumit,susah,sulit
rumpun;ghuppun
rumptu;jukut
runcing;tajom,ghuccing,lanncip,patcut
runding;ghsan,pakat,ghundinng,bebalah
runtuh;tebeghuh,ghubuh,tebih
runtun;busambung
rupa;ghupa,upou
rupiah;ghepiah
rusa;uccal,cal
rusak;cadang,kighak
rusuh;ghusuh,ghibutu
rusuk;kakeghai,keghekap,kekkip
rutin;tuttop,teghus
saat;waktu,watteu,saat
saban;unggal,enggal,juga,jogou
sabar;sabagh,tedos,tahan
sabda;sabda,cawa
sabil;sabil
sabit;landai,arit,sabit
sabot;halangi,sabot
sabtu;sattu
sabuk;babitting,bitting
sabun;sabun
sabung;ucul,sabung,laga
sabut;geghak,baghuk
sadap;pukau,degghes,sadap,sebak
sadar;ingok,ngenengan,ngebeghangoh
sado;dokagh,sado
sadur;campogh,sepuh
sagu;sagu,acei
sagun;sesagun
sah;sah
sahabat;ghik,kanca,jamo,sehabat,jamou
sahadat;sahadat
sahang;lada,ladou
sahaya;beduwo
sahdu;ahdu
sahur;sawoghg
sahut;timbale,jawab
saing;sahing,tanding
sair;saer
saja;gawoh,gaweh
sajadah;sejadah
sajak;wayak,pattun,sair
sajarah;ghiwayat,ceghetou
sajen;sajen
saji;tikkun,tanjagh
saking;sakkan
sakit;sakik,maghing,behambang,meghuyuh
saksama;telitei
saksi;saksi
sakti;sakti,bettuwah
saku;uccang,pakit,kocek,kantung
salah;salah,kelighu
salak;salak
salam;salam
salin;tabai,pindah,tukil,salin,ganti
saling;pegheda,jejama,pido
salju;es
salur;nili,lelui,salui
sama;gegoh,gegeh
samar;samagh
sambal;sambol,uyhacabi
sambar;selattap,sambegh
sambil;dalih,palas
sambung;juttuk,sambung,besal
sambut;sambut,teghima,sambuk
sampah;yeyuh,ghuttah
sampai;tigoh,sappai,tengguk
sampan;peghahu,upih,sappan,biduk
samping;pinggigh,geghil,gelegegh,kebelah,lambik
sampul;sippok,bukkus
sana;dudo,dudi,duneidisan
sanak;miyanak,menyanak
sandal;teghuppah,selop
sandang;sendang
sandar;seduddok,senggayagh
sanding;seghedik-an,sepogk-an,sanding
sandiwara;sandigwara
sangat;beddas,keliwat
sangga;papanggo
sanggah;ngebattah
sanggar;sanggagh
sanggul;pulos,belattung
sanggup;kuwawa,sanggup,bani
sang;teduk,semok,sakko
sagkal;tulak,tolak,sanggah
sangakar;sangkagh,salai,sakkak,kughungan
sangkut;sakkut,kayok
angsi;sangsi
sanjung;bujuk,puji,unjim
santan;pati,satten
santap;kanik,mengan
santri;sanakngaji,santghi
santun;ngejuk,nulunhg,sattun
sapa;tagu,sappou
sapi;jawi,apei
aoih;sapih,mesah
sapu;penyapu,sapeu
saran;tawai,atou-atou
sarang;salai,sakkak
sarap;uyak
sarap;latap
sari;noh,saghi
saring;ayak,ittogh,saghing
sarjana;sagjana
sarung;hinjang,sinjang,awik,abik
sate;pangangan,sate
saturday;sai,nunggal
saudagar;sedagagh
saudara;piuaghi,waghei,sekelik
sauh;jakkagh
sawah;saban,huma
sawan;sawan
sawo;sawuh,sawo
saya;nyak,ku,sekendua,ikam,hikam
saying;kahut,geghing,temaden
sayap;keppi
sayat;ighis
sayu;sedih
sayup;papaghal
sayur;gulali
sebab;mana,alah,sebab
sebal;kesel
sebar;tabui,keghap,sebagh
sebarang;basing,sippaya,makmilih
sebelah;kebelah
sebelas;sebelas
sebentar;seghabbok,sebeghai
seberang;sebeghang
sebut;cacak,ucak,cawa,sebut
sedang;sedong,lagi,basa
sdap;sedop,bangik
sedekah;sedekah,pengejuk
sederhana;sedongan,sedeghana
sedia;sedia,sediyo,siap
sedih;putok,susah,sedih
sedikit;cutik
segala;uyin,uyen,segalaou
segan;ghabai-ghugui,sukkan,segan
segar;segegh
segenap;unyin,segalou
segera;geluk,ghikas
segi;tukku,tetaka,segi
sehat;muyayan,waghas
sehingga;hingga,sappai
seia;mepakat
sejahtera;kecukupan
sejajar;banjagh,sejajaghg
sejarah;ghiwayat,sejaghah,asal-usul
sejati;tolen,asli
sejenak;seghebok,sebeghai
sejuk;ngison,miyos
seka;sapu,lap
sekedar;sekadagh
sekali;pissan,sekelai
sekam;huwok,wek
sekap;kughung
sekarang;ganta,tanno
sekarat;sekaghat
sekat;tighai,piang,keket
sekitar;dihak,sekitegh
sekoci;sekucei
sekolah;sekula
sekongkol;ikko,kesei
sekonyong;ngedadak
sekutu;sekutu,kesei
selagi;selagi
selain;saibaghih
selalu;selalu,ghesok,jugou
selam;selamou
selamat;selamat,muyyayan
selampai;selappai,selekap
selang;selang
selangka;selakkaou
selat;selat
selatan;selatan
selawat;selawat
selempang;selepang,,selekap
selendang;kumbut,selendang
selenggara;guwai
seleting;kabaghangin
selepa;selepou
selera;peghetok,nasseu,citta,kebuguhan
selesai;ghadu,ghedeu,selesai,beghes
selesma;bittok,betok
selidik;selidik,teliti
selikur;selikugh
selimut;piyu,bidak
seling;selang
selingkuh;selingkuh
selir;gundik
selisih;selisih,bido,senggil,citing
selop;selop
seluang;seluang
selubut;kumbut,kekkep
seluruh;unyin,segalo
selusup;selusup
semai;semai,ngeghap
semak;pulanngugha,guyun
semalam;sebingei
semambu;semambu
semampai;lalissighan,ghangging
semang;tuppak,semang
semangat;jiwo,napsu
semangka;lemuju,semangka
semarakj;cuncam,ghagem
semat;lekok,semat
semata;sematou,aden-aden
sembah;sembah
sembayang;sippaya,basing
sembelih;tikol,pesol,sebeleh
sembelit;bubollah
sembilan;siwa,siwo
sembilu;ghegis,sebilu
semboyan;cicca
sembrono;lalai,makpasati,bakahdakkkuh
sembuh;munyai,waghas,tagni,dak,papehanda
sembul;ticcul,ceccul
sembunyi;segok,jamuk,jemamuk,lok
sembur;sebugh,seghbu,simbui,beghus
semenda;semanda
semenjak;anjak,jak
sementara;sepenan,sebeghai,makmunei,sementaghou
semoga;kakalau,mogou-mogou
sempat;sempat
sempit;pelik,semek
semprong;semprong
semprot;sebugh
sempurna;sempughna
semrawut;kucaklattak
semu;semu
semua;unyin,segalou
semula;jenoni,jakasal,jakmplou,asalnou
semur;semor
semut;seghom,ketanom
senandung;pattun
senang;senang,bangik,buguh
senantiasa;selalu
senapan;bedil,senapang
sendat;sakkut
sendok;sudu,sudeu
sengaja;seghaja,sengajou
sengat;seghot,sengik,patuk,kattip
senggang;lapng
senggol;tinggul,cugik
sengit;sengit
sengsara;sengsagha,sosah
senja;dibbi,debbi,manom
senjata;gagaman,senata,sedate
sentak;tekanjat
senter;baterei,belogh,senter
sentosa;aman
sentuh;tinggul,hindil,cugil
senyap;hiyon,henning
senyum;kimut,jeghimut,sengeh'
sepak;kujang,sikap,sepak
sepakat;sepakat,padu,cocok,mupakat,akugh
sepang;sepang
separuh;peghtengah,bagighuna
sepatu;sepatu
sepeda;keghitanangin,sepida
sepekan;seminggu
seperti;injuk,gegoh
sepet;kelot,kelet
sepi;angi,hening,sepei
seprai;seperei
sepuh;sepuh
serabi;seghabi
seraga;geguling
seragam;seghagam,guggoh
serah;kenni,seghah,juk
serai;segghai
serak;tabui
serakah;tamak,besegkughang
seram;ghabai,seghem
serambi;beghadang,gaghang,seghambai,anjungan
serampang;seghappang
serang;peghaggoh,tepugh
serap;hisop,ngeghesep
serapah;kutuk,sepah
serasi;cocok,tepat
serat;seghat
serba;seghba,segalo
serban;seghubban
serba-serbi;bermacem-macem
serbat;segha,segalo
serban;seghubban
serba-serbi;bermacem-macem
serba;seghabbat
serbet;lapculuk
serbu;gasak
serbuk;bubuk
sedadu;tentegha,seghadbu
serepak;baghong,jajama
seret;taghisusuk
sergap;tekop,seghaggep
seriawan;kulakan
serigala;gemul,seghigala
serigunting;seghigitting
serikat;kunsi,jejamou
serikaya;seghikay,seghikayou
sering;galak,ghesok
serobot;tekkang,seghobot
serong;cughang,mighing,cacil
serta;kalat,tutuk
seru;sappai,keghik
seruduk;selusup
seruling;suling
serundeg;seghunding
sesak;pelik,semek
sesal;sesol,sesel
sesat;tedayo,tejajau,tebengbang
sesepuh;tetohou,tetuha
Sesuai;cocok,sesuai
sesumbar;cicca
setagen;setagin
setan;setan,iblis,belis
setagi;setanggei,(menyan)
setapak;selakkah
setel;setel
setelah;seghadu,seghadeu
setem;setem
setempel;cap
setengah;ketengah
Setrika;setigha,gosok
seteru;lawan,musuh
setia;setia
setiap;unggal,enggal
setir;setang,kemuddei
setor;setor
sewa;siwa,kos
sial;sisil,malang,kuis
sialang;sakkak
siamang;samang
siang;deghani,mawas,dawah
siap;kaghi,sediyo,siap
siap;sapa,apo,sapou
siar;cawa,sappai,negohken
siasat;tipoudayo,siasat
sibuk;ghituk,simel
siding;hippun,pepung,mesewagha
sifat;laku,sepat
sihir;sihir
sikap;sikap,ghiyak
sikat;sikat,sekat
siksa;siksa,aniyaya
siku;siku,kekulah,sailikut,tumbai,
silang;selang
siilat;silit,pincak,kuttau
silau;sunagh
sisilah;tambo,tughuman
simak;simak,dengei,tengis
simpan;jamuk,segok,lok
simpang;sippang,lipang
simpati;gehing,buguh
sinar;siyagh,sughot,,cahyo
sindir;sendegh
singa;singa
singgah;sengah,singah
singkat;sikkat,buttak
singkir;sassing,sikkigh
singkong;hubikayu,kikim
singsinng;pesit
sini;dija,dijou
sinting;sinting,maklattap
sipilis;spilis
siput;kuwol,kuwel
siram;ceghok
sirap;sighap
sirih;cambia
siring;sighing
sirna;melap,lebon
sisa;kughah,tighah,ighah
sisi;kebelah,penggih
sisih;tedai,pisah,pikken,sembin,sumang
sisik;henak,nap
sisip;selok
sisir;suwal,pengegai,sungkat,gaghu
sitir;sutip,ngulah
situ;henno,hina,enou
siul;siwil
siuman;ngenegan,ngebeghangoh
soal;ululih,tanyou,soal
sogok;sudut,suguk
sokong;tulung,sokong
sombong;nuha,pungah,ngasei
sopan;hogmat,supan
sopir;supigh
sorak;hanja,manom,debei
sorong;sughung
sorot;cuwagh
sosoh;nyaccak
soto;soto
spontan;seketiko
sri;balui
sua;tungga,pehalu,tembuk,teeu
suaka;suakou
suami;mengiyan,kehajjong,lakei,ghagahni
suap;pusok,suap,pujuk
suara;bunyi,baghou,ghesa
suasana;gelagat
suatu;suatu
subang;sobang,anntig
subuh;subuh,tukuk,pagei
subur;humbi,subuggh
suci;begsih,suci
saudagar;sedagagh
sudah;ghadu,ghadeu
sudi;suka,haga,agou
sudut;tuku
sujud;sujud
suka;geghing,iling,sokou,suka,buguh
sukacita;hanjak,sokouateu
sukar;sallam,payah,susah,sulit
sukarela;sukaghila
sukaria;senenghati
sukat;cupak,gattang
sukma;nyawa,nyawou
suku;suku
sulah;sulah
sulam;sulam,bogdir
sulap;solap
suling;suling
sulit;sulit,payah
sultan;sultan
suluh;hinagh,obor
suluk;suluk
sulung;anaktuha
sulut;suwa
sumbang;sussui,pengeni,ngejuk
sumbar;cicca
sumber;asal,maatouwai
sumbing;suwing,gangou
sumbu;sumbu,sembeu
sumpah;suppah
sumpit;sepit
sumur;sumugh,somou
sunat;sunat,ghittan,pubetik
sundal;jalang
sudut;sendut
sungai;way,batangaghei,heliyah
sungguh;temen,benegh
sungkan;mesughok,sungkan
sungsan;tebalik,tebulet
sungut;sengot,ngebel-ibel
suntik;suntik,setik
sunting;ghagat
sunyi;hiyon,sepi,hanning
supaya;maghi,nyin,supayo,kenaiken
supir;supigh
suram;ghidap,sugham
surat;sughat,soghat
surau;surau,langgagh
surga;seghagga,seghga
suruh;kakyin,kisung,kayun,peghittah
surut;langok,nyusut,mundugh,sughut
surya;matapanas,mataghani
susah;susah,payah,sulit,seset
susila;keghama,adab,aglak,adat
susu;susu,mah,puan
susuk;susuk
susul;bedakk,susul,kitai,sussung
susun;susun
susup;susup,sughup
susur;sugi,kughang
sutan;sutan
sutera;setegha,seteghou
syak;teduh,wahem
syarat;seghata,atogha,seghanou
syarikat;kussian,seghiket
syukur;neghima,sukugh
taat;patuh,nutuk,taat
tabah;tabah,sabagh
tabiat;peghangai,kelakuan,lelakon
tabib;dukun,dedukun
tabik;tabik,hugmat
tabir;tighai,tinda,kellegh
tabligh;besugha,tabelegh
tabrak;tumbagh
tabu;tabu,pattangan,pemali
tabuh;tabuh,tettik
tabung;bumbung,keciling,tabung
tabor;keghab,tabui
tadah;taku
tadi;jinna,jinno
tafsir;tapsigh
tagih;lulih,tagih,ulih
tahan;tahan,tedos
tahi;tahi,tahei
tahlil;tahlil
tahu;pandai,kenal
tahun;tahu
tahyul;tahyul
tajam;tajom,lancip
taji;tajei
tajin;tajin
tajung;tajung
takabur;nuha,pungah,sumbugh,tekebugh
takar;takagh,ukugh
takbir;tekebir
takdir;sughatan,takdir
taghta;taghta
taghyut;tehayul
takjub`;heghan
taklid`;takelid
takluk;takluk,tunduk
taksir;taksegh
taktik;siasat,taktik,kimek
takut;ghabbai,sighi,ghugul
takwa;malim,takwa
takwil;tapsir
takziah;ninggampudak,nyegok,takziah
tala;tatawak,tala,talou
talak;pesiang,pelipang,talak,ceghai
talam;talam
talang;talang
talas;talos
tali;tali,kaghuk,kelok
tamak;tamak
tamasya;madogh
tamat;lesai,tammat
tambah;tambah
tambak;bumbun,kulam,ham
tambal;tappal
tambang;tambang
tambat;ikok,tambang
tambuh;bubuh,tambuh
tambur;tambur
tameng;pehalang
tampak;keliak-an,kenahan
tampan;sikop,wawai,hallau,calak
tampar;tipagh,tabuk,tappagh
tampi;mulai,majeu,nembul,nengah
tampuik;tappuk,ujung,tappu
tamping;taku,tappung,sapak,tadah
tamsil;ibaghat,gegoh
tamu;kuwaghi,temoi
tanah;tanoh
tanak;tasak,nyonjong,kekuk
tanam;tanom,cebuk
tancap;pacok,taccep
tanda;tanda,cighi,cighin
tandan;tundun,tendun
tandang;tandang
tandatangan;teken
tanding;tanding,banding,pesaing
tandu;tandu,tunggang
tanduk;tukkah
tandur;tanom
tandus;tandus
tangan;culuk,pungu
tangga;ijan,jan
tanggal;pukah,lucuk,lepas
tanggap;mukeghop,peghhatei
tangguh;tangguh
tangguk;tangguk,sikut,sayit
tanggul;penuppon,bandungan,tebat
tnaggung;tanggung,jamin
tangis;miwang,nyengil,keliwoh
tangkai;takkai
tangkal;takkul
tangkup;takkup
tangsi;tangsi
tani;tani
tanjak;tanjak
tanjunng;tanjung
tanpa;kippakmak
tantang;unggugh,ughau
tanya;lulih,tanyou
tapa;taghak,tapou
tapai;tapai
tapak;jappal,tapak
taplak;alasmija,sepegheimeja
taraf;ghipak
tarawih;taghawih
tarekat;teghekat
target;taghgeyt
tari;taghi,taghei
tarif;igo,taghip,ghega
tarik;taghik,panjut,jejut
taring;taghing
taruh;taghuh
tarung;laga,lago,ghigu,taghung
tata;atugh
tatakan;tatakan
tatap;pinyin,tinuk,ngenah,liak
taut;lekok,kait
tawan;tawan,tahan,takkep
tawar;tawagh
tebak;teduh,tebak
tebal;kedol,amel,tebel
tebang;tuwagh,tebang
tebar;tabui,keghap
tebas;kusi,attek,paccung
tebat;bunbun,kulam,bak,ham
tebing;tebing
tebu;tebu
tebus;tebus
tedeng;salok,tedeng
teduh;sampaihaty,sappaiatei
tegah;halang,tegah
tegak;cok,tegei,tegak,temegi
tegang;pegeng,kakeku,keghas
tegar;kuat
teguh;teguh
teguk;telon,belot
tegun;ngelagok
tegur;tagu,sambat,ulih,nannyiu,semato
teh;te
teka-teki;tateduhan,seganeng
tekan;tekon
tejken;ikin
teko;tekjo,cubik,cighik
tekor;tekor,ghugi
tekuk;kulo,bikkuk,liper
tekukur;hanabogh,kuku,beteteu
tekun;ghajin,nemen
telaah;peghissampeghesou
teladan;tebyan,tawak-an,cettu
telaga;paya
telah;ghadu,ghadeu
telak;pas,ttuwen
telan;belot,belebet
telangkup;telukkop,telekep
telanjang;gageloh,ghiluk,bitung
telanjur;telanjogh,telatcau
telantar;telattag
telapak;jappal,hatitangan,tapak
telat;sayuk,dughi,telat
telaten;metututtoh,telitei,beghangoh
teledor;telidogh,lingah
telukung;telukung,kawai,sebayyang
teletang;hahayak,tenggegok,tegayang
telinga;cuping
teliti;tanat,teliti
telor;tehalui,tallui
teluk;teluk
telungkup;lukkop,tulukkep
telunjuk;penunjuk
teman;ghik,kantik,kedua,jam,jamo
temaga;tembagou
tembak;timbak
tembakang;tebakang
tembakau;tebaku,temaku
tembesu;tebesu
tembikar;tembikagh
tembok;sassaiisemin,keketbateu
tembelok;penganan,temuluk,bebeguk
tembus;ghaccang,luccugh,tebu
temenggung;temenggung
temiang;temiyang
tempa;teppa,tepou
tempat;ghang,pok,beng
tempayan;ghumbik,gecung
tempe;tempe
tempel;twaktu,watteu
tempoyak;tepoyak
tempuh;teghak,liyeu
tempur;peghang,teppugh
tempurung;udom,sughu
temu;tungga,tembuk,tihalu
tenaga;tenaga,,tenagou
tenang;ngehaman,hiyon,hening
tenar;mupajak,tekenal
tenda;tenda
tendang;sipak,kujang,sekul
tengadah;cungak,tegegak
tengah;tengah
tenggang;masa,watteu,kalang
tenggara;tenggar
tenggelam;kelahop,tebeghah
tenger;teghakkop
tenggorok;lukkung,lekung
tengik;tengi,apek
tengkar;battah
tengkorak;tehullah,hulu,balunguleu
tengkuk;keciccil,belalau
tengkulak;tekulak
tengkurap;lukkop,telekop
tengok;liak,tinuk,nah,liwih,subu,iwen
tentang;tattang,tuwon,hal
tentar;tentegha,sgehdadu
tenteng;kuttai,cincing
tentram;aman
tentu;pasti,tattu
tenun;pantok,mattek,tenon
tenung;tenung,ghamal,palak
tepak;tappah,tatimbo
tepat;tepat,tuwon
tepi;pinggigh
tepis;tepis,takkis
tepuk;tepai,tepuk
tepung;gelepuk,tepung
terangjang;teghajang,anjal
terali;kakisi,kisei-kisei
terang;wawwah,teghang
terangpang;saghung,penduk
teras;beghanda,gaghang,tengga
terasi;dilan,delan
teratak;klasa,bepakkul,teghatak,subu
terbang;habang,kambogh,temambugh
terbit;tuwoh,luwagh,timbul,cecul
teri;bilis,teghi,teghei
teriak;mekik,nekeghik
terigu;teghigu
terik;panas,segheng
triak;teghika,gusuk
teriam;teghima,teghimo
terjal;metebing,tegjal
terjang;teghajang,kujang,hanjal
terjemah;ghetto,tegjemah
terjun;cughup,luccak,cecambugh
terka;teduh
terkam;teghakkom,tekap
terlalu;keliwat,begou
terlampau;teliyu
termos;tegmos
ternak;matik,sisian,isikan
terobos;teghak
'terompah;gappah,teghuppah
terong;tiyung
teropong;terupung
terpa;teghpou,teghajang
tertawa;lalang,mahho,ngakkak
tertib;buatoghah,tegtip
teruna;ngugha,modou
terus;laju,lajeu,teghus
tetangga;tetangga,ulun,kebelah
tetap;tuttop,tetap
tetapi;kidang,engan
tetas;tittis,tetis
tetek;mah,minisanak
tetes;tiak
tewas;mati,tiwas
tiada;gayah,makngedok,makngemik,makmakkou
tiang;aghi,tihang
tiarap;telekep
tiiba;sappai,tegoh
tidak;mawat,makwat,mawek
tidur;tughui,pedom
tiga;telu,tego
tiaki;selisih
tikam;pagas
tikar;ilat,sulan,apai
tikung;biluk,sepang
tikus;munduk,tikus
tilik;tilik,nah,peghhatei
timah;timah
timang;pappam,dappan
timba;timba,timbeu
timbang;timbang,tembang
timbul;timbul,luwah,muccul
timbun;timbun,tupppuk
timpa;tuttos,tendih
timapal;gegoh,imbang,padan
timun;lepang
timur;timur
tindas;kaniyaya
tindih;duddogh,tendih
tindik;seghak
tinggal;tippik,tenggal
tinggi;ghanggal,ghaccak,langgahgh,tinggil
tingkah;kelakuan,lelaku,tikkah
tingakt;tikkat,lapis,susun
tinjau;liak,unut,tinuk,ngenah,tinjau
tinju;segung,gucuh,gocoh
tinta;dawat,tinta
tipis;nipis
tipu;budi,buhung,tipeu
tirai;lalindung,teghai
tiri;kewallun,tighi
tiris;tughuh,saghing
tiru;tabai,tawak,tighu
tisik;seghuk
titah;kayin,kayun,peghetam
title;adek,title
titik;titik
titip;seghuman,titip
tiup;sebbu
tobat;jegha,tubat
toblos;tujek,cucuk
todong;bigal
toga;toga
tolakk;tulak
toleh;ghilong
tolol;bugu,gunjugh,budo,lugugh,mekakughang
tolong;tulungn,battu
tomat;mendigha,tiyung,mendeghoubalak
tombak;payan
tombok;nyusugh,tambah
tombol;petikan,tombol
ting;tong
tongkat;tuhot,patuk,tehang,pacceng
tongkol;tongkol,tukkek
tongol;tembul
tonjol;jujjul,tembul
tonton;liak,padik,bngenah,tetun
topang;langgang,sokang
topeng;sekura,topeng
topi;tupi
totok;totok,aselei
trampil;petegh,cepet,cakal
trompet;seghunai,terepet
tua;tuha,toho
tuah;tuah,anasib
tuai;ngegetas,mutil,nguduh
tuak;tuak
tualang;tabuitayagh
tuan;tuwan
tuang;tukkat,tiling,tuang
tuba;tuba,tobou
tubi;beolang-olang
tubruk;tumbugh,terpou
tubuh;badan,jasad
tuding;tujuk
tuduh;teduh,sakko,tuduh
tugal;togal
tugas;tugas,ghasan
tugu;tugu
tuhan;tuhan,saikuasou
tuil;getak,cuwil
tujah;pagas,tujah
tuju;ilung,tuwen,aghah,tujeu,ado
tujuh;piteu,pitu
tukang;tokang
tukar;tukogh,balin,tukeu
tukik;temambugh
tulah;tulah,tolah,malang
tulang;tehullang,balung,tulang,keghekou
tular;palik
tulen;sejatei,aselei
tuli;tuli,tulei
tulis;tulis
tulus;tulus
tuma;tuma,kutu
tumbal;tumbal,tolakbalak
tubing;ghubuh,ghukkak
tumben;aneh,makbiasou
tumbuh;tuwoh,tembuh
tumbuk;tumis,tomes
tumit;tagha,taghou
tumpang;tepang
tumpas;alahko,oegelek
tumpu;jajalan
tumpuk;son,keppul,ladung
tumpul;kudul
tuna;tuna
tunai;kutta
tuning;pangan,kageghing,kehago,tenadai,tuning
tunas;tunas
tuansusila;peghidang
tunawicar;uba,obou
tunawisma;gelandangan
tunda;undugh,tunda
tunduk;sungguk,cengguk
tungau;tungu
tunggal;sebijei,nenggal,sayan
tunggang;tenggang,pikul
tungging;jukkik
tunggu;penah,penan,inan,tunggeu
tunggul;tuhot,tuhet
tungkai;tukkai
tungku;tukku,tekeu
tunjang;tanjing,tunjang
tunjuk;jajak,culuk
tuntun;tawit
tuntut;tuttut,kulai
tupai;tupai,topai
turun;ghaggoh,ghegah
turut;tutu,musei
tusuk;cucuk
tutup;kebok,salok,katup
tutur;cawo,tutugh,ocap,teghassul
uang;duit,daw
uap;hawa,hawo
ubah;ghubah,gattei,obah
uban;huban
ubi;hubi,wakaktanem
ubin;ubin
ubun-ubun;ububun
ucap;cwa,cawo,ocap
udang;hughang,oghang
udara;angin,haw
udik;udik,gabou,hulu
ufuk;cukutlangit,kukutlangek
ugal-ugalan;ngelacugh,nakal
ujar;cawou,ngomong
uji;cuba,uji,kesma
ujud;ujud
ujung;uccuk,nappak,ujung
ukir;ukigh
ukur;ukogh,takagh,jakkou
ulama;malim,ulunalim
ulang;uloh,oloh,olang
ular;ulai,olai
ulas;bucak,kopas,kekah
ulat;hughol,wegh,ighas
ulek;gighik,giling,ulek
ulet;senemon,tetoh,kuwat,nadai,tawakkal
ulung;ulung,petegh
ulur;ulugh
umbi;umbei
umbut;humbuk,embut,kabing
umpama;ibaghat,kittubang,mesal
umpan;uppan,pan
umpat;upok,opok
umpet;segok,jemamuk
umum;segok,umum
umur;umugh,omogh
undi;undi,lotghi
undur;undugh
unggul;unggul
unggun;jeghawwan
ungkap;cawa,ghanggou
ungkit;cukkil,bucak
ungsi;malih,pendah
ungu;ungu
unjuk;jajak,kenai,culuk
unnta;tou,utta
untuk;haga,guwai,bagei,gonou,pakaki,maknhi
untung;uttung,tung
upacara;begawei
upah;pengeni,upah,opah
upaa;upayou,usahou
urai;babbagh,bokak
urap;babulung,oghap
urat;uyak,oyak
urine;yoh
urung;ughung,batal
urus;ughus,uyun
urut;ayit
usaha;usaha,sepok,ghiuyak
usai;ghadu,gibagh,gelek
using;tumbai,kaksaka,using,jebbey
usap;pusau,lap,sapeu
usia;unug,omor
usil;gussing
usir;usigh,tundung
usul;paghkuli,peghetok
usus;isau,tenahhi,usus
usut;sepok,usut,sesak
utama;utamou
utang;hutang,sakkuktan,otang
utara;utagho
utuh;makmeluang,utuh
utus;kayun,kayin
uzur;halangan,husugh
wabah;habah
wadah;pakai
waduk;bumbun,ham
wafat;mati,maklagi,ninggal
wahyu;wahyu
wajah;pudak,opou
wajar;sdong,biaso,pantas
wajib;musti,mesti
wajik;wajik
wakaf;wakap
wakil;wakil,pembaghep,gatti
waktu;watteu,waktu
walu;najin,walau,lamen
walhasil;walhasil
wali;wallei
wangi;meghum,ghum
wanuta;bebai,sebai,bai-bai
waras;munyayan,sehat,waghas
warawiri;munggakmedoh,waghawighei
warga;waghgou
waris;openinggalan,waghus
warna;keliyak,ghupa,cugha
warta;kabagh,beghito
wartawan;wagtwan
warung;waghung,kedai
wasiat;wasiat
wasit;wasit,hakim
waspada;ngeghaghaba,atei-atei
was-was;was-was
watak;sipat,lelakun
wates;hattak,langan,bates
wawancara;bebalah
wayang;wayang(pusik)
wibawa;sembahawa,kuaso
wilayah;wilayah,sekitegh
wirid;wighid
wiron;wighon
ya;payu,yu,ya,yeu
yaitu;yaddodia
yakin;yakin,pegcaya
yang;sai,si
yatim;haghuk,aghuk
zaman;jaman
zakat;jakat,jekkeat
ziarah;ngeghuwah,siaghah,lemuwah
zikir;zikigh
zina;meghidang,mukah
zuhud;zuhud
zohor;luhugh